rank,x,y,distance_from_s1,angle_from_first_bearing,coverage_ratio,valid_polygon_ratio,diameter_pass_ratio,circle_coverage_pass_ratio,clear_ready_outcome_ratio,median_diameter,p90_diameter,max_valid_diameter,robust_pass_count,target_count,outcome_count,valid_polygon_count,diameter_pass_count,circle_coverage_pass_count,clear_ready_outcome_count,circle_blocked_diameter_pass_count,undefined_target_count
1,550.0,-400.0,680.0735254367721,-36.02737338510361,0.43333333333333335,1.0,0.4792592592592593,0.9807407407407407,0.46,43.04384743401433,179.54391288429156,274.0025766721517,117,270,1350,1350,647,1324,621,26,0
2,550.0,400.0,680.0735254367721,36.02737338510361,0.43333333333333335,1.0,0.4792592592592593,0.9807407407407407,0.46,43.04384743401455,179.54391288429207,274.00257667215277,117,270,1350,1350,647,1324,621,26,0
3,550.0,-450.0,710.6335201775947,-39.28940686250036,0.43333333333333335,1.0,0.48,0.9807407407407407,0.46074074074074073,42.72249105864071,163.7962772631352,242.806520153634,117,270,1350,1350,648,1324,622,26,0
4,550.0,450.0,710.6335201775947,39.28940686250036,0.43333333333333335,1.0,0.48,0.9807407407407407,0.46074074074074073,42.72249105864058,163.7962772631343,242.80652015363265,117,270,1350,1350,648,1324,622,26,0
5,550.0,-500.0,743.3034373659252,-42.27368900609374,0.43333333333333335,1.0,0.4777777777777778,0.9807407407407407,0.4585185185185185,42.735756406843414,152.04869055727056,219.49607374106805,117,270,1350,1350,645,1324,619,26,0
6,550.0,500.0,743.3034373659252,42.27368900609374,0.43333333333333335,1.0,0.4777777777777778,0.9807407407407407,0.4585185185185185,42.73575640684345,152.04869055726988,219.49607374106628,117,270,1350,1350,645,1324,619,26,0
7,600.0,-450.0,750.0,-36.86989764584402,0.43333333333333335,1.0,0.4666666666666667,0.9807407407407407,0.4474074074074074,41.66715735812892,152.94090689591317,226.0623248349962,117,270,1350,1350,630,1324,604,26,0
8,600.0,450.0,750.0,36.86989764584402,0.43333333333333335,1.0,0.4666666666666667,0.9807407407407407,0.4474074074074074,41.66715735812909,152.9409068959138,226.06232483499753,117,270,1350,1350,630,1324,604,26,0
9,550.0,-550.0,777.8174593052023,-45.0,0.43333333333333335,1.0,0.47185185185185186,0.9807407407407407,0.4525925925925926,42.99240796781149,142.9748799362838,201.56227125687866,117,270,1350,1350,637,1324,611,26,0
10,550.0,550.0,777.8174593052023,45.0,0.43333333333333335,1.0,0.47185185185185186,0.9807407407407407,0.4525925925925926,42.99240796781139,142.97487993628334,201.5622712568795,117,270,1350,1350,637,1324,611,26,0
11,600.0,-500.0,781.0249675906655,-39.80557109226519,0.43333333333333335,1.0,0.47333333333333333,0.9807407407407407,0.4540740740740741,41.28509492330754,142.31165195493062,204.94231755376217,117,270,1350,1350,639,1324,613,26,0
12,600.0,500.0,781.0249675906655,39.80557109226519,0.43333333333333335,1.0,0.47333333333333333,0.9807407407407407,0.4540740740740741,41.285094923307796,142.31165195493014,204.9423175537615,117,270,1350,1350,639,1324,613,26,0
13,550.0,-600.0,813.9410298049853,-47.48955292199916,0.43333333333333335,1.0,0.4666666666666667,0.9807407407407407,0.4474074074074074,43.43396889064742,135.5611715719765,187.45389758802378,117,270,1350,1350,630,1324,604,26,0
14,600.0,-550.0,813.9410298049853,-42.510447078000844,0.43333333333333335,1.0,0.48,0.9807407407407407,0.46074074074074073,40.97534332736343,134.06930180872425,188.71060464137992,117,270,1350,1350,648,1324,622,26,0
15,600.0,550.0,813.9410298049853,42.510447078000844,0.43333333333333335,1.0,0.48,0.9807407407407407,0.46074074074074073,40.97534332736339,134.06930180872473,188.7106046413793,117,270,1350,1350,648,1324,622,26,0
16,550.0,600.0,813.9410298049853,47.48955292199916,0.43333333333333335,1.0,0.4666666666666667,0.9807407407407407,0.4474074074074074,43.433968890647684,135.56117157197733,187.45389758802312,117,270,1350,1350,630,1324,604,26,0
17,550.0,-650.0,851.46931829632,-49.76364169072618,0.43333333333333335,1.0,0.4666666666666667,0.9807407407407407,0.4474074074074074,44.02114358643667,129.2528110115854,176.16059619186373,117,270,1350,1350,630,1324,604,26,0
18,550.0,650.0,851.46931829632,49.76364169072618,0.43333333333333335,1.0,0.4666666666666667,0.9807407407407407,0.4474074074074074,44.02114358643691,129.252811011586,176.16059619186439,117,270,1350,1350,630,1324,604,26,0
19,500.0,-400.0,640.3124237432849,-38.65980825409009,0.42962962962962964,1.0,0.4659259259259259,0.9807407407407407,0.44666666666666666,47.496039225001525,192.361179576076,294.5783568302565,116,270,1350,1350,629,1324,603,26,0
20,500.0,400.0,640.3124237432849,38.65980825409009,0.42962962962962964,1.0,0.4659259259259259,0.9807407407407407,0.44666666666666666,47.496039225001525,192.36117957607692,294.5783568302549,116,270,1350,1350,629,1324,603,26,0
21,500.0,-450.0,672.6812023536855,-41.98721249581666,0.42962962962962964,1.0,0.4659259259259259,0.9807407407407407,0.44666666666666666,46.65033692377342,175.40129374764194,260.3057121057197,116,270,1350,1350,629,1324,603,26,0
22,500.0,450.0,672.6812023536855,41.98721249581666,0.42962962962962964,1.0,0.4659259259259259,0.9807407407407407,0.44666666666666666,46.650336923773374,175.40129374764064,260.3057121057206,116,270,1350,1350,629,1324,603,26,0
23,600.0,-600.0,848.5281374238571,-45.0,0.42962962962962964,1.0,0.4792592592592593,0.9807407407407407,0.46,41.22689537628291,127.19515646893775,175.96150053754764,116,270,1350,1350,647,1324,621,26,0
24,600.0,600.0,848.5281374238571,45.0,0.42962962962962964,1.0,0.4792592592592593,0.9807407407407407,0.46,41.22689537628309,127.19515646893807,175.96150053754698,116,270,1350,1350,647,1324,621,26,0
25,500.0,-500.0,707.1067811865476,-45.0,0.42592592592592593,1.0,0.4651851851851852,0.9807407407407407,0.44592592592592595,46.26224433480088,162.57901524063885,234.6947459861773,115,270,1350,1350,628,1324,602,26,0
26,500.0,500.0,707.1067811865476,45.0,0.42592592592592593,1.0,0.4651851851851852,0.9807407407407407,0.44592592592592595,46.26224433480088,162.57901524063962,234.6947459861784,115,270,1350,1350,628,1324,602,26,0
27,500.0,-350.0,610.3277807866851,-34.99202019855866,0.4185185185185185,1.0,0.4622222222222222,0.9807407407407407,0.44296296296296295,49.010522230978054,214.45152230003148,342.3206581596499,113,270,1350,1350,624,1324,598,26,0
28,500.0,350.0,610.3277807866851,34.99202019855866,0.4185185185185185,1.0,0.4622222222222222,0.9807407407407407,0.44296296296296295,49.01052223097787,214.4515223000302,342.3206581596486,113,270,1350,1350,624,1324,598,26,0
29,500.0,-550.0,743.3034373659252,-47.72631099390627,0.4111111111111111,1.0,0.4614814814814815,0.9807407407407407,0.44222222222222224,46.20279281903509,152.07262095883084,214.97705314367093,111,270,1350,1350,623,1324,597,26,0
30,500.0,550.0,743.3034373659252,47.72631099390627,0.4111111111111111,1.0,0.4614814814814815,0.9807407407407407,0.44222222222222224,46.20279281903513,152.07262095882976,214.9770531436694,111,270,1350,1350,623,1324,597,26,0
31,500.0,-300.0,583.09518948453,-30.96375653207352,0.40370370370370373,1.0,0.45185185185185184,0.9807407407407407,0.4325925925925926,51.56134995346994,245.67907958679206,412.68225480788334,109,270,1350,1350,610,1324,584,26,0
32,500.0,300.0,583.09518948453,30.96375653207352,0.40370370370370373,1.0,0.45185185185185184,0.9807407407407407,0.4325925925925926,51.561349953469986,245.67907958679118,412.68225480788647,109,270,1350,1350,610,1324,584,26,0
33,450.0,-350.0,570.087712549569,-37.874983651098205,0.4,1.0,0.43333333333333335,0.9807407407407407,0.4140740740740741,54.87282260722074,231.0072332105787,368.39092915086417,108,270,1350,1350,585,1324,559,26,0
34,450.0,350.0,570.087712549569,37.874983651098205,0.4,1.0,0.43333333333333335,0.9807407407407407,0.4140740740740741,54.87282260722054,231.00723321057913,368.39092915086667,108,270,1350,1350,585,1324,559,26,0
35,450.0,-400.0,602.0797289396148,-41.6335393365702,0.4,1.0,0.43333333333333335,0.9807407407407407,0.4140740740740741,52.54397651390814,205.6566881017505,316.08122501778104,108,270,1350,1350,585,1324,559,26,0
36,450.0,400.0,602.0797289396148,41.6335393365702,0.4,1.0,0.43333333333333335,0.9807407407407407,0.4140740740740741,52.54397651390799,205.65668810174964,316.0812250177801,108,270,1350,1350,585,1324,559,26,0
37,450.0,-450.0,636.3961030678928,-45.0,0.4,1.0,0.43333333333333335,0.9807407407407407,0.4140740740740741,51.09011219157425,187.42052361107656,278.5698896763247,108,270,1350,1350,585,1324,559,26,0
38,450.0,450.0,636.3961030678928,45.0,0.4,1.0,0.43333333333333335,0.9807407407407407,0.4140740740740741,51.09011219157439,187.42052361107565,278.5698896763272,108,270,1350,1350,585,1324,559,26,0
39,550.0,-350.0,651.9202405202649,-32.47119229084849,0.4,1.0,0.46074074074074073,0.9807407407407407,0.4414814814814815,43.8501474027545,199.52905137688228,317.42412262948335,108,270,1350,1350,622,1324,596,26,0
40,550.0,350.0,651.9202405202649,32.47119229084849,0.4,1.0,0.46074074074074073,0.9807407407407407,0.4414814814814815,43.85014740275445,199.52905137688376,317.42412262948267,108,270,1350,1350,622,1324,596,26,0
41,450.0,-500.0,672.6812023536855,-48.01278750418334,0.4,1.0,0.43333333333333335,0.9807407407407407,0.4140740740740741,50.2337484391344,173.22375352905772,250.54448699993003,108,270,1350,1350,585,1324,559,26,0
42,450.0,500.0,672.6812023536855,48.01278750418334,0.4,1.0,0.43333333333333335,0.9807407407407407,0.4140740740740741,50.23374843913474,173.2237535290564,250.54448699993225,108,270,1350,1350,585,1324,559,26,0
43,450.0,-550.0,710.6335201775947,-50.71059313749964,0.4,1.0,0.43333333333333335,0.9807407407407407,0.4140740740740741,49.80425009035257,161.39845735991466,228.95869176240342,108,270,1350,1350,585,1324,559,26,0
44,450.0,550.0,710.6335201775947,50.71059313749964,0.4,1.0,0.43333333333333335,0.9807407407407407,0.4140740740740741,49.804250090352326,161.39845735991403,228.95869176240518,108,270,1350,1350,585,1324,559,26,0
45,600.0,-400.0,721.1102550927978,-33.690067525979785,0.4,1.0,0.44666666666666666,0.9807407407407407,0.4274074074074074,42.35724130809739,166.61914798563834,254.33755902768794,108,270,1350,1350,603,1324,577,26,0
46,600.0,400.0,721.1102550927978,33.690067525979785,0.4,1.0,0.44666666666666666,0.9807407407407407,0.4274074074074074,42.35724130809741,166.6191479856389,254.33755902769016,108,270,1350,1350,603,1324,577,26,0
47,450.0,-600.0,750.0,-53.13010235415598,0.4,1.0,0.43333333333333335,0.9807407407407407,0.4140740740740741,49.691508885008446,152.56257687734936,211.94052897986035,108,270,1350,1350,585,1324,559,26,0
48,450.0,600.0,750.0,53.13010235415598,0.4,1.0,0.43333333333333335,0.9807407407407407,0.4140740740740741,49.69150888500859,152.56257687735007,211.9405289798588,108,270,1350,1350,585,1324,559,26,0
49,500.0,-600.0,781.0249675906655,-50.19442890773481,0.4,1.0,0.4525925925925926,0.9807407407407407,0.43333333333333335,46.3891500550605,144.05702997186606,199.446173390058,108,270,1350,1350,611,1324,585,26,0
50,500.0,600.0,781.0249675906655,50.19442890773481,0.4,1.0,0.4525925925925926,0.9807407407407407,0.43333333333333335,46.3891500550605,144.05702997186697,199.44617339005646,108,270,1350,1350,611,1324,585,26,0
51,650.0,-450.0,790.5694150420949,-34.69515353123397,0.4,1.0,0.43333333333333335,0.9807407407407407,0.4140740740740741,43.60862664171805,142.4995024842127,210.06447730363917,108,270,1350,1350,585,1324,559,26,0
52,650.0,450.0,790.5694150420949,34.69515353123397,0.4,1.0,0.43333333333333335,0.9807407407407407,0.4140740740740741,43.60862664171813,142.49950248421226,210.0644773036394,108,270,1350,1350,585,1324,559,26,0
53,500.0,-650.0,820.0609733428363,-52.43140797117251,0.4,1.0,0.44222222222222224,0.9807407407407407,0.422962962962963,46.765776920341686,137.22938830432577,186.99318296852442,108,270,1350,1350,597,1324,571,26,0
54,500.0,650.0,820.0609733428363,52.43140797117251,0.4,1.0,0.44222222222222224,0.9807407407407407,0.422962962962963,46.76577692034141,137.22938830432528,186.99318296852377,108,270,1350,1350,597,1324,571,26,0
55,500.0,-700.0,860.2325267042627,-54.46232220802562,0.4,1.0,0.43333333333333335,0.9807407407407407,0.4140740740740741,47.29400522763527,131.751759904012,176.86644740986668,108,270,1350,1350,585,1324,559,26,0
56,500.0,700.0,860.2325267042627,54.46232220802562,0.4,1.0,0.43333333333333335,0.9807407407407407,0.4140740740740741,47.294005227635594,131.75175990401178,176.86644740986537,108,270,1350,1350,585,1324,559,26,0
57,600.0,-650.0,884.5903006477066,-47.290610042638534,0.4,1.0,0.45925925925925926,0.9807407407407407,0.44,41.67739585762571,121.82043037792684,165.7774230008101,108,270,1350,1350,620,1324,594,26,0
58,600.0,650.0,884.5903006477066,47.290610042638534,0.4,1.0,0.45925925925925926,0.9807407407407407,0.44,41.67739585762597,121.82043037792654,165.7774230008099,108,270,1350,1350,620,1324,594,26,0
59,550.0,-700.0,890.2246907382428,-51.84277341263094,0.4,1.0,0.46,0.9807407407407407,0.44074074074074077,44.72640122694787,124.35124029917773,166.99634437726894,108,270,1350,1350,621,1324,595,26,0
60,550.0,700.0,890.2246907382428,51.84277341263094,0.4,1.0,0.46,0.9807407407407407,0.44074074074074077,44.72640122694761,124.35124029917685,166.99634437726806,108,270,1350,1350,621,1324,595,26,0
61,550.0,-750.0,930.0537618869137,-53.74616226255522,0.4,1.0,0.4444444444444444,0.9807407407407407,0.42518518518518517,45.529726203851276,120.56037743491231,159.47925760895055,108,270,1350,1350,600,1324,574,26,0
62,550.0,750.0,930.0537618869137,53.74616226255522,0.4,1.0,0.4444444444444444,0.9807407407407407,0.42518518518518517,45.52972620385123,120.56037743491258,159.47925760894992,108,270,1350,1350,600,1324,574,26,0
63,450.0,-300.0,540.8326913195984,-33.690067525979785,0.3962962962962963,1.0,0.4325925925925926,0.9807407407407407,0.41333333333333333,58.55568578593094,264.0341587713539,445.66614234012593,107,270,1350,1350,584,1324,558,26,0
64,450.0,300.0,540.8326913195984,33.690067525979785,0.3962962962962963,1.0,0.4325925925925926,0.9807407407407407,0.41333333333333333,58.555685785930635,264.0341587713549,445.6661423401273,107,270,1350,1350,584,1324,558,26,0
65,500.0,-750.0,901.3878188659974,-56.309932474020215,0.3925925925925926,1.0,0.4318518518518519,0.9807407407407407,0.41259259259259257,47.94599730811297,127.28836941429981,168.5386862394016,106,270,1350,1350,583,1324,557,26,0
66,500.0,750.0,901.3878188659974,56.309932474020215,0.3925925925925926,1.0,0.4318518518518519,0.9807407407407407,0.41259259259259257,47.94599730811269,127.28836941429908,168.5386862394027,106,270,1350,1350,583,1324,557,26,0
67,650.0,-500.0,820.0609733428363,-37.568592028827496,0.3851851851851852,1.0,0.43703703703703706,0.9807407407407407,0.4177777777777778,43.05388139455051,132.80879562173817,191.0284430258289,104,270,1350,1350,590,1324,564,26,0
68,650.0,500.0,820.0609733428363,37.568592028827496,0.3851851851851852,1.0,0.43703703703703706,0.9807407407407407,0.4177777777777778,43.053881394550395,132.80879562173752,191.02844302582804,104,270,1350,1350,590,1324,564,26,0
69,450.0,-650.0,790.5694150420949,-55.30484646876604,0.3814814814814815,1.0,0.42962962962962964,0.9807407407407407,0.4103703703703704,49.82154269744697,145.33862466095917,198.27640213397626,103,270,1350,1350,580,1324,554,26,0
70,450.0,650.0,790.5694150420949,55.30484646876604,0.3814814814814815,1.0,0.42962962962962964,0.9807407407407407,0.4103703703703704,49.821542697447015,145.33862466095832,198.27640213397476,103,270,1350,1350,580,1324,554,26,0
71,450.0,-250.0,514.78150704935,-29.054604099077146,0.37407407407407406,1.0,0.4192592592592593,0.9807407407407407,0.4,64.4624378569965,311.57218879371794,570.1176897101133,101,270,1350,1350,566,1324,540,26,0
72,450.0,250.0,514.78150704935,29.054604099077146,0.37407407407407406,1.0,0.4192592592592593,0.9807407407407407,0.4,64.46243785699625,311.57218879372004,570.117689710115,101,270,1350,1350,566,1324,540,26,0
73,400.0,-300.0,500.0,-36.86989764584402,0.36666666666666664,1.0,0.4,0.9807407407407407,0.38074074074074077,66.33390570691012,283.01151535402596,480.28866136307886,99,270,1350,1350,540,1324,514,26,0
74,400.0,300.0,500.0,36.86989764584402,0.36666666666666664,1.0,0.4,0.9807407407407407,0.38074074074074077,66.33390570691049,283.01151535402823,480.28866136307477,99,270,1350,1350,540,1324,514,26,0
75,400.0,-350.0,531.5072906367325,-41.18592516570965,0.36666666666666664,1.0,0.40370370370370373,0.9807407407407407,0.3844444444444444,61.41710505772586,246.6500889086457,395.66451382279604,99,270,1350,1350,545,1324,519,26,0
76,400.0,350.0,531.5072906367325,41.18592516570965,0.36666666666666664,1.0,0.40370370370370373,0.9807407407407407,0.3844444444444444,61.41710505772596,246.65008890864638,395.6645138227931,99,270,1350,1350,545,1324,519,26,0
77,500.0,-250.0,559.0169943749474,-26.56505117707799,0.36666666666666664,1.0,0.4162962962962963,0.9807407407407407,0.397037037037037,55.84039407001233,289.7608117012165,525.4851805851513,99,270,1350,1350,562,1324,536,26,0
78,500.0,250.0,559.0169943749474,26.56505117707799,0.36666666666666664,1.0,0.4162962962962963,0.9807407407407407,0.397037037037037,55.84039407001223,289.76081170121836,525.4851805851504,99,270,1350,1350,562,1324,536,26,0
79,400.0,-400.0,565.685424949238,-45.0,0.36666666666666664,1.0,0.4096296296296296,0.9807407407407407,0.39037037037037037,58.17339408779829,220.0818273219121,338.5290143845009,99,270,1350,1350,553,1324,527,26,0
80,400.0,400.0,565.685424949238,45.0,0.36666666666666664,1.0,0.4096296296296296,0.9807407407407407,0.39037037037037037,58.17339408779839,220.08182732191148,338.52901438450294,99,270,1350,1350,553,1324,527,26,0
81,400.0,-450.0,602.0797289396148,-48.366460663429805,0.36666666666666664,1.0,0.41333333333333333,0.9807407407407407,0.3940740740740741,56.03465469874015,199.58395603451078,297.61024160927053,99,270,1350,1350,558,1324,532,26,0
82,400.0,450.0,602.0797289396148,48.366460663429805,0.36666666666666664,1.0,0.41333333333333333,0.9807407407407407,0.3940740740740741,56.03465469873984,199.58395603451171,297.6102416092721,99,270,1350,1350,558,1324,532,26,0
83,550.0,-300.0,626.4982043070834,-28.61045966596522,0.36666666666666664,1.0,0.42592592592592593,0.9807407407407407,0.4066666666666667,45.405636439595675,227.70706593288193,381.2841696862285,99,270,1350,1350,575,1324,549,26,0
84,550.0,300.0,626.4982043070834,28.61045966596522,0.36666666666666664,1.0,0.42592592592592593,0.9807407407407407,0.4066666666666667,45.40563643959571,227.70706593288332,381.2841696862303,99,270,1350,1350,575,1324,549,26,0
85,400.0,-500.0,640.3124237432849,-51.34019174590991,0.36666666666666664,1.0,0.4140740740740741,0.9807407407407407,0.39481481481481484,54.64779143613972,184.15831620858654,267.0524459286841,99,270,1350,1350,559,1324,533,26,0
86,400.0,500.0,640.3124237432849,51.34019174590991,0.36666666666666664,1.0,0.4140740740740741,0.9807407407407407,0.39481481481481484,54.64779143613937,184.1583162085857,267.0524459286854,99,270,1350,1350,559,1324,533,26,0
87,400.0,-550.0,680.0735254367721,-53.97262661489639,0.36666666666666664,1.0,0.4111111111111111,0.9807407407407407,0.39185185185185184,53.79726743383423,171.52645619880406,243.51176867536742,99,270,1350,1350,555,1324,529,26,0
88,400.0,550.0,680.0735254367721,53.97262661489639,0.36666666666666664,1.0,0.4111111111111111,0.9807407407407407,0.39185185185185184,53.79726743383384,171.5264561988032,243.51176867536896,99,270,1350,1350,555,1324,529,26,0
89,600.0,-350.0,694.6221994724903,-30.256437163529263,0.36666666666666664,1.0,0.42444444444444446,0.9807407407407407,0.4051851851851852,43.973984061474866,184.93209719038742,293.6738203354659,99,270,1350,1350,573,1324,547,26,0
90,600.0,350.0,694.6221994724903,30.256437163529263,0.36666666666666664,1.0,0.42444444444444446,0.9807407407407407,0.4051851851851852,43.973984061474795,184.93209719038637,293.67382033546477,99,270,1350,1350,573,1324,547,26,0
91,400.0,-600.0,721.1102550927978,-56.309932474020215,0.36666666666666664,1.0,0.40444444444444444,0.9807407407407407,0.3851851851851852,53.34332204610156,161.25232816751753,224.93987359698505,99,270,1350,1350,546,1324,520,26,0
92,400.0,600.0,721.1102550927978,56.309932474020215,0.36666666666666664,1.0,0.40444444444444444,0.9807407407407407,0.3851851851851852,53.343322046101505,161.25232816751685,224.9398735969835,99,270,1350,1350,546,1324,520,26,0
93,400.0,-650.0,763.2168761236874,-58.3924977537511,0.36666666666666664,1.0,0.4,0.9807407407407407,0.38074074074074077,53.19172270057573,153.380098129934,210.0120643948649,99,270,1350,1350,540,1324,514,26,0
94,650.0,-400.0,763.2168761236874,-31.6075022462489,0.36666666666666664,1.0,0.41555555555555557,0.9807407407407407,0.3962962962962963,44.64319325470045,154.19032616392332,235.56863413246938,99,270,1350,1350,561,1324,535,26,0
95,650.0,400.0,763.2168761236874,31.6075022462489,0.36666666666666664,1.0,0.41555555555555557,0.9807407407407407,0.3962962962962963,44.64319325470057,154.1903261639236,235.56863413247137,99,270,1350,1350,561,1324,535,26,0
96,400.0,650.0,763.2168761236874,58.3924977537511,0.36666666666666664,1.0,0.4,0.9807407407407407,0.38074074074074077,53.19172270057602,153.38009812993423,210.01206439486623,99,270,1350,1350,540,1324,514,26,0
97,400.0,-700.0,806.2257748298549,-60.25511870305778,0.36666666666666664,1.0,0.4,0.9807407407407407,0.38074074074074077,53.276785271096756,147.07651665948012,197.83381027388464,99,270,1350,1350,540,1324,514,26,0
98,400.0,700.0,806.2257748298549,60.25511870305778,0.36666666666666664,1.0,0.4,0.9807407407407407,0.38074074074074077,53.27678527109636,147.07651665948114,197.83381027388356,99,270,1350,1350,540,1324,514,26,0
99,450.0,-700.0,832.1658488546619,-57.264773727892404,0.36666666666666664,1.0,0.4162962962962963,0.9807407407407407,0.397037037037037,50.14287496179284,139.30624866213552,187.14523826685044,99,270,1350,1350,562,1324,536,26,0
100,450.0,700.0,832.1658488546619,57.264773727892404,0.36666666666666664,1.0,0.4162962962962963,0.9807407407407407,0.397037037037037,50.1428749617924,139.3062486621344,187.1452382668513,99,270,1350,1350,562,1324,536,26,0
