stage,resolution_m,x,y,movement_distance,guaranteed_receive_coverage,possible_receive_coverage,near_area_coverage,direction_available_coverage,clear_ready_coverage,operational_good_coverage,uniform_guaranteed_receive_coverage,uniform_clear_ready_coverage,uniform_operational_good_coverage,worst_diameter_median,worst_diameter_mean,worst_diameter_p90,worst_diameter_p95,worst_diameter_max,unbounded_fraction_of_direction_area,mean_abs_orthogonality_error_deg,orthogonal_80_100_area_coverage,target_sample_count,epsilon_sample_count
refine_2m,2.0,-8.0,0.0,8.0,0.4262295081967213,0.9672131147540983,0.0,0.4262295081967213,0.0,0.0,0.65,0.0,0.0,nan,nan,nan,nan,nan,1.0,89.9918827103767,0.0,1260,9
refine_2m,2.0,-8.0,2.0,8.246211251235321,0.4262295081967213,0.9672131147540983,0.0,0.4262295081967213,0.0,0.0,0.65,0.0,0.0,145.5794285175914,641.3310030973646,1144.0670362114743,6947.44689142215,6947.44689142215,0.998962148962149,89.77804389114729,0.0,1260,9
refine_2m,2.0,-8.0,4.0,8.94427190999916,0.4262295081967213,0.9672131147540983,0.0,0.4262295081967213,0.000546448087431694,0.000546448087431694,0.65,0.016666666666666666,0.016666666666666666,236.18770080384996,810.4089960481614,1790.4497220775038,4801.428498268222,7428.421900876653,0.9944444444444445,89.55615514884673,0.0,1260,9
refine_2m,2.0,-8.0,6.0,10.0,0.4262295081967213,0.9672131147540983,0.0,0.4262295081967213,0.000546448087431694,0.000546448087431694,0.65,0.016666666666666666,0.016666666666666666,280.5869205122998,1003.960980517391,2219.8322307597014,6380.509730783996,12024.794300442385,0.9868131868131869,89.33439950694213,0.0,1260,9
refine_2m,2.0,-8.0,8.0,11.313708498984761,0.4262295081967213,0.9672131147540983,0.0,0.4262295081967213,0.0010668748373666406,0.0010668748373666406,0.65,0.024603174603174603,0.024603174603174603,335.6379116173693,936.5899433242142,2519.952905821656,5834.227516900543,6660.177531696259,0.9761904761904762,89.11283958661669,0.0,1260,9
refine_2m,2.0,-6.0,0.0,6.0,0.4262295081967213,0.9672131147540983,0.0,0.4262295081967213,0.0,0.0,0.65,0.0,0.0,nan,nan,nan,nan,nan,1.0,89.99386614916293,0.0,1260,9
refine_2m,2.0,-6.0,2.0,6.324555320336759,0.4262295081967213,0.9672131147540983,0.0,0.4262295081967213,0.0,0.0,0.65,0.0,0.0,115.42142849290995,292.2815725913406,811.9738635046787,2198.7112294635713,2198.7112294635713,0.9988400488400488,89.77637260297456,0.0,1260,9
refine_2m,2.0,-6.0,4.0,7.211102550927978,0.4262295081967213,0.9672131147540983,0.0,0.4262295081967213,0.000546448087431694,0.000546448087431694,0.65,0.016666666666666666,0.016666666666666666,223.63061289803986,1996.108875769849,2112.0596387326555,18779.158588544444,25565.519719219195,0.994017094017094,89.55282156519604,0.0,1260,9
refine_2m,2.0,-6.0,6.0,8.48528137423857,0.4262295081967213,0.9672131147540983,0.0,0.4262295081967213,0.000546448087431694,0.000546448087431694,0.65,0.016666666666666666,0.016666666666666666,270.4552619850638,3042.799011525313,2234.225445725696,4995.133148772195,104570.36357921147,0.9862637362637363,89.32942107229333,0.0,1260,9
refine_2m,2.0,-6.0,8.0,10.0,0.4262295081967213,0.9672131147540983,0.0,0.4262295081967213,0.0012230028623471246,0.0012230028623471246,0.65,0.026984126984126985,0.026984126984126985,344.9408948302975,1785.8913685580492,3435.998126135049,4589.07941790025,34254.420948252904,0.9750915750915751,89.10624119478759,0.0,1260,9
refine_2m,2.0,-4.0,0.0,4.0,0.4262295081967213,0.9672131147540983,0.0,0.4262295081967213,0.0,0.0,0.65,0.0,0.0,nan,nan,nan,nan,nan,1.0,89.99587876694274,0.0,1260,9
refine_2m,2.0,-4.0,2.0,4.47213595499958,0.4262295081967213,0.9672131147540983,0.0,0.4262295081967213,0.0,0.0,0.65,0.0,0.0,104.25988151384104,389.7506124860735,1244.532461348727,2400.714249134111,2400.714249134111,0.9985958485958486,89.77462458658133,0.0,1260,9
refine_2m,2.0,-4.0,4.0,5.656854249492381,0.4262295081967213,0.9672131147540983,0.0,0.4262295081967213,0.000546448087431694,0.000546448087431694,0.65,0.016666666666666666,0.016666666666666666,187.49144442960133,479.91818438827164,1330.171657245293,2502.921817885768,3330.0887658481297,0.994017094017094,89.54933673883805,0.0,1260,9
refine_2m,2.0,-4.0,6.0,7.211102550927978,0.4262295081967213,0.9672131147540983,0.0,0.4262295081967213,0.0006505334374186833,0.0006505334374186833,0.65,0.018253968253968255,0.018253968253968255,279.38442437495723,2000.7375940157458,2998.772820287859,6749.244395896059,37596.93588373182,0.9856532356532357,89.32422106726105,0.0,1260,9
refine_2m,2.0,-4.0,8.0,8.94427190999916,0.4262295081967213,0.9672131147540983,0.0,0.4262295081967213,0.0013791308873276086,0.0013791308873276086,0.65,0.029365079365079365,0.029365079365079365,348.6417137528385,1211.800012251707,2684.721305986073,6296.932016836333,15743.520248001469,0.9746031746031746,89.09935663462517,0.0,1260,9
refine_2m,2.0,-2.0,0.0,2.0,0.4262295081967213,0.9672131147540983,0.0,0.4262295081967213,0.0,0.0,0.65,0.0,0.0,nan,nan,nan,nan,nan,1.0,89.99792257386426,0.0,1260,9
refine_2m,2.0,-2.0,2.0,2.8284271247461903,0.4262295081967213,0.9672131147540983,0.0,0.4262295081967213,7.8064012490242e-05,7.8064012490242e-05,0.65,0.002380952380952381,0.002380952380952381,83.90947790434232,270.05473292152504,665.0858286226465,1665.0443829240648,1665.0443829240648,0.9984737484737485,89.77278850145065,0.0,1260,9
refine_2m,2.0,-2.0,4.0,4.47213595499958,0.4262295081967213,0.9672131147540983,0.0,0.4262295081967213,0.000546448087431694,0.000546448087431694,0.65,0.016666666666666666,0.016666666666666666,193.6810687914972,687.2825054072396,1739.8718140502906,3148.4660084181664,7871.760124000734,0.9935897435897436,89.54567879318341,0.0,1260,9
refine_2m,2.0,-2.0,6.0,6.324555320336759,0.4262295081967213,0.9672131147540983,0.0,0.4262295081967213,0.0008066614623991673,0.0008066614623991673,0.65,0.020634920634920634,0.020634920634920634,251.66040698505168,725.1509852579713,1915.0146559595125,3415.5170841008157,6955.037774893319,0.9856532356532357,89.31876855084289,0.0,1260,9
refine_2m,2.0,-2.0,8.0,8.246211251235321,0.4262295081967213,0.9672131147540983,0.0,0.4262295081967213,0.001483216237314598,0.001483216237314598,0.65,0.030952380952380953,0.030952380952380953,365.42212271752686,2783.6673651621263,3886.837874653617,7675.839869014343,56487.89962434543,0.9733821733821734,89.0921478053358,0.0,1260,9
refine_2m,2.0,0.0,0.0,0.0,0.9669008587041374,0.9968774395003903,0.0,0.9669008587041374,0.0,0.0,0.9793650793650793,0.0,0.0,nan,nan,nan,nan,nan,1.0,90.0,0.0,1260,9
refine_2m,2.0,0.0,2.0,2.0,0.6994535519125683,0.9828259172521467,0.0,0.6994535519125683,0.00018214936247723133,0.00018214936247723133,0.8166666666666667,0.005555555555555556,0.005555555555555556,68.08512261652018,215.42544241974457,579.2036835182016,1257.7363255549217,1257.7363255549217,0.9989955357142857,89.82455338327922,0.0,1260,9
refine_2m,2.0,0.0,4.0,4.0,0.6928181108508977,0.9828259172521467,0.0,0.6928181108508977,0.000546448087431694,0.000546448087431694,0.8119047619047619,0.016666666666666666,0.016666666666666666,172.9313821169596,472.45292735517774,1158.4073670364032,2515.4726511098434,4276.605293297561,0.995943661971831,89.6478850098979,0.0,1260,9
refine_2m,2.0,0.0,6.0,6.0,0.6721311475409836,0.9812646370023419,0.0,0.6721311475409836,0.0009107468123861566,0.0009107468123861566,0.8,0.022222222222222223,0.022222222222222223,236.9375991854348,807.1708343148451,1737.6110505546048,3773.208976666967,9740.410661705218,0.9905536198219125,89.46374243079035,0.0,1260,9
refine_2m,2.0,0.0,8.0,8.0,0.665495706479313,0.9812646370023419,0.0,0.665495706479313,0.001639344262295082,0.001639344262295082,0.7952380952380952,0.03333333333333333,0.03333333333333333,341.6753488915837,1529.4010882970745,2892.9788682635367,7027.524338038667,27634.868221438544,0.9826783968719452,89.2825030916128,0.0,1260,9
refine_2m,2.0,2.0,0.0,2.0,1.0,1.0,0.0,1.0,0.0,0.0,1.0,0.0,0.0,nan,nan,nan,nan,nan,1.0,89.99861728586663,0.0,1260,9
refine_2m,2.0,2.0,2.0,2.8284271247461903,1.0,1.0,0.0,1.0,0.00026021337496747333,0.00026021337496747333,1.0,0.007936507936507936,0.007936507936507936,60.77718493629887,940.1987307345739,998.3901101544802,11973.216353746115,11973.216353746115,0.9991933385376008,89.84876955104428,0.0,1260,9
refine_2m,2.0,2.0,4.0,4.47213595499958,1.0,1.0,0.0,1.0,0.000546448087431694,0.000546448087431694,1.0,0.016666666666666666,0.016666666666666666,158.1081435012819,618.935830194362,1465.658043266607,4546.7191588229025,6757.975298768773,0.997007546187874,89.69760107409458,0.0,1260,9
refine_2m,2.0,2.0,6.0,6.324555320336759,1.0,1.0,0.0,1.0,0.001014832162373146,0.001014832162373146,1.0,0.023809523809523808,0.023809523809523808,225.07146454777907,794.7439730291319,1663.1547138112353,3487.463914227534,11576.76230906149,0.9934946656258131,89.54655283705554,0.0,1260,9
refine_2m,2.0,2.0,8.0,8.246211251235321,1.0,1.0,0.0,1.0,0.001639344262295082,0.001639344262295082,1.0,0.03333333333333333,0.03333333333333333,327.46462379071465,1716.1467106350058,3716.9082976051955,7320.869879963781,36303.20454514569,0.9881342701014832,89.39567642314427,0.0,1260,9
refine_2m,2.0,4.0,0.0,4.0,1.0,1.0,0.0,1.0,0.0,0.0,1.0,0.0,0.0,nan,nan,nan,nan,nan,1.0,89.99721576264048,0.0,1260,9
refine_2m,2.0,4.0,2.0,4.47213595499958,1.0,1.0,0.0,1.0,0.00036429872495446266,0.00036429872495446266,1.0,0.011111111111111112,0.011111111111111112,49.16496510811381,367.21185759237994,818.3013937883184,3691.3991313460733,3691.3991313460733,0.9991412958626074,89.8477434355061,0.0,1260,9
refine_2m,2.0,4.0,4.0,5.656854249492381,1.0,1.0,0.0,1.0,0.000546448087431694,0.000546448087431694,1.0,0.016666666666666666,0.016666666666666666,155.42808609534922,1513.0656717134095,1900.9863883236276,16716.465172989152,23946.43270749223,0.9968253968253968,89.69556311991086,0.0,1260,9
refine_2m,2.0,4.0,6.0,7.211102550927978,1.0,1.0,0.0,1.0,0.00117096018735363,0.00117096018735363,1.0,0.02619047619047619,0.02619047619047619,224.72185125475332,1014.7942957908567,2269.1045630059807,5976.696827879623,11003.997587932006,0.9930783242258652,89.5435296316463,0.0,1260,9
refine_2m,2.0,4.0,8.0,8.94427190999916,1.0,1.0,0.0,1.0,0.001639344262295082,0.001639344262295082,1.0,0.03333333333333333,0.03333333333333333,310.41219436475217,1106.448685474807,2931.316086533214,5205.9667640492125,13515.950597537547,0.9879781420765027,89.3917035265249,0.0,1260,9
refine_2m,2.0,6.0,0.0,6.0,1.0,1.0,0.0,1.0,0.0,0.0,1.0,0.0,0.0,nan,nan,nan,nan,nan,1.0,89.99579328285512,0.0,1260,9
refine_2m,2.0,6.0,2.0,6.324555320336759,1.0,1.0,0.0,1.0,0.000468384074941452,0.000468384074941452,1.0,0.014285714285714285,0.014285714285714285,39.68245164390802,245.85124778085373,685.6029070582368,2123.312219145115,2123.312219145115,0.9990892531876139,89.84664008622164,0.0,1260,9
refine_2m,2.0,6.0,4.0,7.211102550927978,1.0,1.0,0.0,1.0,0.000546448087431694,0.000546448087431694,1.0,0.016666666666666666,0.016666666666666666,139.79233335300216,391.97752652720084,1069.7061240436663,2271.6445891992184,3138.7603789453196,0.9968253968253968,89.69337660591881,0.0,1260,9
refine_2m,2.0,6.0,6.0,8.48528137423857,1.0,1.0,0.0,1.0,0.0012750455373406193,0.0012750455373406193,1.0,0.027777777777777776,0.027777777777777776,230.72816360753285,1698.8276505606948,2995.1703304634416,5123.386942234583,35919.64906123836,0.9928181108508978,89.54029693340269,0.0,1260,9
refine_2m,2.0,6.0,8.0,10.0,1.0,1.0,0.0,1.0,0.001639344262295082,0.001639344262295082,1.0,0.03333333333333333,0.03333333333333333,324.5151835592888,2191.2723995951665,3833.2334413611516,5999.895161695168,51206.63480020898,0.987431693989071,89.38747286096063,0.0,1260,9
refine_2m,2.0,8.0,0.0,8.0,1.0,1.0,0.0,1.0,0.0,0.0,1.0,0.0,0.0,nan,nan,nan,nan,nan,1.0,89.99434691434026,0.0,1260,9
refine_2m,2.0,8.0,2.0,8.246211251235321,1.0,1.0,0.0,1.0,0.000546448087431694,0.000546448087431694,1.0,0.016666666666666666,0.016666666666666666,31.83120731587952,187.91313837794488,583.4943356661395,1458.1146704390123,1458.1146704390123,0.9990372105126204,89.84543871580003,0.0,1260,9
refine_2m,2.0,8.0,4.0,8.94427190999916,1.0,1.0,0.0,1.0,0.0006505334374186833,0.0006505334374186833,1.0,0.018253968253968255,0.018253968253968255,131.0267386153483,882.7354976740878,1636.6027875766367,7382.798262692147,9495.432556206228,0.9965131407754358,89.69100357228413,0.0,1260,9
refine_2m,2.0,8.0,6.0,10.0,1.0,1.0,0.0,1.0,0.0014311735623211033,0.0014311735623211033,1.0,0.03015873015873016,0.03015873015873016,212.73308186823633,803.7129617975033,2153.5801295336746,4221.304835729089,8246.55282121041,0.992688004163414,89.5368054842083,0.0,1260,9
refine_2m,2.0,8.0,8.0,11.313708498984761,1.0,1.0,0.0,1.0,0.001639344262295082,0.001639344262295082,1.0,0.03333333333333333,0.03333333333333333,310.85617219069843,2162.529824189699,3075.782724456387,8183.113204939734,47892.86541498446,0.9870673952641166,89.38293011632378,0.0,1260,9
refine_2m,2.0,682.0,442.0,812.7041282041084,1.0,1.0,0.0,1.0,0.25487900078064013,0.25487900078064013,1.0,0.3603174603174603,0.3603174603174603,72.67776268635696,85.57531359763598,163.2333737475254,175.99912758833568,203.5528269077141,0.0,39.153785646754045,0.09391100702576112,1260,9
refine_2m,2.0,682.0,444.0,813.7935856223002,1.0,1.0,0.0,1.0,0.25487900078064013,0.25487900078064013,1.0,0.3603174603174603,0.3603174603174603,72.56513498468465,85.37487966289875,162.66453482621074,175.3437196007817,202.70335186509644,0.0,39.049699617832566,0.09453551912568306,1260,9
refine_2m,2.0,682.0,446.0,814.8864951635902,1.0,1.0,0.0,1.0,0.25487900078064013,0.25487900078064013,1.0,0.3603174603174603,0.3603174603174603,72.45411656457011,85.17700637070618,162.10206576415985,174.69576797977825,201.86385725618115,0.0,38.94609486893689,0.09453551912568306,1260,9
refine_2m,2.0,682.0,448.0,815.9828429568847,1.0,1.0,0.0,1.0,0.2540202966432475,0.2540202966432475,1.0,0.3595238095238095,0.3595238095238095,72.34468449268138,84.98165345115046,161.54587258763323,174.05515954960183,201.0341835569056,0.0,38.84296829724218,0.09453551912568306,1260,9
refine_2m,2.0,682.0,450.0,817.0826151620165,1.0,1.0,0.0,1.0,0.2540202966432475,0.2540202966432475,1.0,0.3595238095238095,0.3595238095238095,72.23681626003555,84.78878525295615,160.99586314014712,173.47654570410768,200.21417459453832,0.0,38.7403168271221,0.095160031225605,1260,9
refine_2m,2.0,682.0,452.0,818.1857979701188,1.0,1.0,0.0,1.0,0.25428051001821494,0.25428051001821494,1.0,0.3603174603174603,0.3603174603174603,72.13048977249413,84.59836791898825,160.45194703878778,172.92141162639498,199.4036774602083,0.0,38.6381374098137,0.095160031225605,1260,9
refine_2m,2.0,682.0,454.0,819.2923776039906,1.0,1.0,0.0,1.0,0.2539422326307572,0.2539422326307572,1.0,0.3611111111111111,0.3611111111111111,72.0256833415045,84.41036267975072,159.9140356318123,172.37197714279083,198.60254242420342,0.0,38.53642702308798,0.09578454332552694,1260,9
refine_2m,2.0,682.0,456.0,820.4023403184561,1.0,1.0,0.0,1.0,0.2544626593806922,0.2544626593806922,1.0,0.3626984126984127,0.3626984126984127,71.9223756750964,84.22473855319916,159.4131756037787,171.82816525103001,197.81062285385966,0.0,38.435182670926125,0.09578454332552694,1260,9
refine_2m,2.0,682.0,458.0,821.5156724007156,1.0,1.0,0.0,1.0,0.25472287275565964,0.25472287275565964,1.0,0.3634920634920635,0.3634920634920635,71.82054586909834,84.04145876193527,158.9197408839819,171.28990031524398,197.02777513401236,0.0,38.33440138320123,0.09578454332552694,1260,9
refine_2m,2.0,682.0,460.0,822.63236017069,1.0,1.0,0.0,1.0,0.2543845953682019,0.2543845953682019,1.0,0.36428571428571427,0.36428571428571427,71.7201733985939,83.86048780009197,158.4314612175825,170.75710803576928,196.25385858986195,0.0,38.23408021536542,0.09640905542544886,1260,9
refine_2m,2.0,682.0,462.0,823.7523899813584,1.0,1.0,0.0,1.0,0.25490502211813687,0.25490502211813687,1.0,0.36587301587301585,0.36587301587301585,71.6212381096017,83.68179591920996,157.94826661698744,170.22971541975758,195.48873541220487,0.0,38.134216248142124,0.09640905542544886,1260,9
refine_2m,2.0,682.0,464.0,824.8757482190879,1.0,1.0,0.0,1.0,0.2543065313557117,0.2543065313557117,1.0,0.36587301587301585,0.36587301587301585,71.52372021095584,83.5053497311327,157.4700883395407,169.70765075256327,194.7322705849557,0.0,38.0348065872237,0.09640905542544886,1260,9
refine_2m,2.0,682.0,466.0,826.0024213039572,1.0,1.0,0.0,1.0,0.25482695810564665,0.25482695810564665,1.0,0.3674603174603175,0.3674603174603175,71.42760026641228,83.33112061882275,156.99685885998704,169.19084356987412,193.98433181482082,0.0,37.93584836297384,0.0970335675253708,1260,9
refine_2m,2.0,682.0,468.0,827.1323956900733,1.0,1.0,0.0,1.0,0.25422846734322146,0.25422846734322146,1.0,0.3674603174603175,0.3674603174603175,71.33285918694537,83.15907833920805,156.5285118436751,168.67922463058605,193.24478946311004,0.0,37.83733873013516,0.0970335675253708,1260,9
refine_2m,2.0,682.0,470.0,828.2656578658806,1.0,1.0,0.0,1.0,0.2547488940931564,0.2547488940931564,1.0,0.36904761904761907,0.36904761904761907,71.23947822324902,82.98919203380781,156.06498212047964,168.1727258903617,192.5135164796027,0.0,37.73927486754133,0.0970335675253708,1260,9
refine_2m,2.0,682.0,472.0,829.402194354464,1.0,1.0,0.0,1.0,0.2550091074681239,0.2550091074681239,1.0,0.36984126984126986,0.36984126984126986,71.14743895841859,82.8214326454017,155.60620565938817,167.67128047590532,191.79038833833738,0.0,37.641653977834196,0.09765807962529274,1260,9
refine_2m,2.0,682.0,474.0,830.5419917138447,1.0,1.0,0.0,1.0,0.25467083008066616,0.25467083008066616,1.0,0.37063492063492065,0.37063492063492065,71.0567233008295,82.65577063822,155.16148980837926,167.17482265986317,191.07528297536066,0.0,37.54447328718533,0.09765807962529274,1260,9
refine_2m,2.0,682.0,476.0,831.6850365372699,1.0,1.0,0.0,1.0,0.2549310434556336,0.2549310434556336,1.0,0.37142857142857144,0.37142857142857144,70.96731347718838,82.49217754808419,154.74038658161572,166.68328783640118,190.36808072826025,0.0,37.44773004502216,0.09765807962529274,1260,9
refine_2m,2.0,682.0,478.0,832.8313154534957,1.0,1.0,0.0,1.0,0.2543325526932084,0.2543325526932084,1.0,0.37142857142857144,0.37142857142857144,70.8791920257575,82.33062562210281,154.32337946505712,166.19661249738513,189.66866427749855,0.0,37.35142152375851,0.09828259172521468,1260,9
refine_2m,2.0,684.0,442.0,814.383202184328,1.0,1.0,0.0,1.0,0.2574551131928181,0.2574551131928181,1.0,0.3626984126984127,0.3626984126984127,72.4202670313128,85.3443413826266,162.72978619602424,175.45748648737788,202.93253377300204,0.0,39.08879443541093,0.09266198282591726,1260,9
refine_2m,2.0,684.0,444.0,815.4704163855363,1.0,1.0,0.0,1.0,0.2574551131928181,0.2574551131928181,1.0,0.3626984126984127,0.3626984126984127,72.30894976085717,85.14511574230858,162.16369983949264,174.80514036615895,202.0867876988194,0.0,38.984702454484996,0.0932864949258392,1260,9
refine_2m,2.0,684.0,446.0,816.561081609943,1.0,1.0,0.0,1.0,0.2574551131928181,0.2574551131928181,1.0,0.3626984126984127,0.3626984126984127,72.1992285496488,84.94843386846199,161.60395505969015,174.1602180511085,201.25097983395554,0.0,38.88109267460246,0.0932864949258392,1260,9
refine_2m,2.0,684.0,448.0,817.6551840476523,1.0,1.0,0.0,1.0,0.25659640905542547,0.25659640905542547,1.0,0.3619047619047619,0.3619047619047619,72.09108064668548,84.75426345038935,161.0504583091886,173.5462769653967,200.42495135964506,0.0,38.777961981549254,0.0932864949258392,1260,9
refine_2m,2.0,684.0,450.0,818.7527099191794,1.0,1.0,0.0,1.0,0.25659640905542547,0.25659640905542547,1.0,0.3619047619047619,0.3619047619047619,71.98448372212735,84.56256497974553,160.50311784917764,172.98780282582305,199.60854679274595,0.0,38.67530728844429,0.09391100702576112,1260,9
refine_2m,2.0,684.0,452.0,819.8536454758251,1.0,1.0,0.0,1.0,0.25659640905542547,0.25659640905542547,1.0,0.3619047619047619,0.3619047619047619,71.87941585785345,84.37330255308657,159.96184370602344,172.4350838270984,198.80161389874195,0.0,38.57312553540245,0.09391100702576112,1260,9
refine_2m,2.0,684.0,454.0,820.9579770000411,1.0,1.0,0.0,1.0,0.25573770491803277,0.25573770491803277,1.0,0.3611111111111111,0.3611111111111111,71.7758555382863,84.18644426073372,159.44463580019703,171.88804188550716,198.0040036074307,0.0,38.471413689203274,0.09453551912568306,1260,9
refine_2m,2.0,684.0,456.0,822.0656908057896,1.0,1.0,0.0,1.0,0.25573770491803277,0.25573770491803277,1.0,0.3611111111111111,0.3611111111111111,71.67378164143588,84.00195225656842,158.94831100247097,171.34660030885718,197.2155699312306,0.0,38.37016874296544,0.09453551912568306,1260,9
refine_2m,2.0,684.0,458.0,823.1767732388955,1.0,1.0,0.0,1.0,0.25573770491803277,0.25573770491803277,1.0,0.3611111111111111,0.3611111111111111,71.57317343019265,83.819795350254,158.45719051505418,170.810683765599,196.436169886026,0.0,38.269387715826575,0.09453551912568306,1260,9
refine_2m,2.0,684.0,460.0,824.2912106773916,1.0,1.0,0.0,1.0,0.25487900078064013,0.25487900078064013,1.0,0.3603174603174603,0.3603174603174603,71.47401054384275,83.63994077187897,157.9712033808225,170.28021825477296,195.66566341439517,0.0,38.16906765262868,0.095160031225605,1260,9
refine_2m,2.0,684.0,462.0,825.4089895318563,1.0,1.0,0.0,1.0,0.25487900078064013,0.25487900078064013,1.0,0.3603174603174603,0.3603174603174603,71.37627298980422,83.46235283533866,157.49027991020827,169.755131076752,194.90391331124638,0.0,38.06920562360873,0.095160031225605,1260,9
refine_2m,2.0,684.0,464.0,826.5300962457447,1.0,1.0,0.0,1.0,0.2545407233931824,0.2545407233931824,1.0,0.3611111111111111,0.3611111111111111,71.27994113557358,83.28700089438985,157.01435165307538,169.23535080473948,194.1507851516531,0.0,37.96979872409449,0.095160031225605,1260,9
refine_2m,2.0,684.0,466.0,827.6545172957132,1.0,1.0,0.0,1.0,0.2548009367681499,0.2548009367681499,1.0,0.3619047619047619,0.3619047619047619,71.18499570088476,83.11385246654017,156.54335137130215,168.72080725704888,193.40614722089168,0.0,37.87084407420538,0.09578454332552694,1260,9
refine_2m,2.0,684.0,468.0,828.7822391919364,1.0,1.0,0.0,1.0,0.2544626593806922,0.2544626593806922,1.0,0.3626984126984127,0.3626984126984127,71.09141775006417,82.94287699972652,156.07721301212854,168.21143147007513,192.66987044660482,0.0,37.77233881855829,0.09578454332552694,1260,9
refine_2m,2.0,684.0,470.0,829.9132484784178,1.0,1.0,0.0,1.0,0.25472287275565964,0.25472287275565964,1.0,0.3634920634920635,0.3634920634920635,70.99918868458063,82.77404595982036,155.61587168216775,167.70715567198735,191.94182833294946,0.0,37.67428012597828,0.09578454332552694,1260,9
refine_2m,2.0,684.0,472.0,831.0475317332938,1.0,1.0,0.0,1.0,0.2543845953682019,0.2543845953682019,1.0,0.36428571428571427,0.36428571428571427,70.90829023579185,82.60733076871568,155.15926362214287,167.2079132570999,191.22189689674198,0.0,37.57666518921397,0.09640905542544886,1260,9
refine_2m,2.0,684.0,474.0,832.1850755691308,1.0,1.0,0.0,1.0,0.2546448087431694,0.2546448087431694,1.0,0.36507936507936506,0.36507936507936506,70.81870445786654,82.44270302109562,154.73469355925997,166.7136387608961,190.50995460547313,0.0,37.47949122465764,0.09640905542544886,1260,9
refine_2m,2.0,684.0,476.0,833.3258666332157,1.0,1.0,0.0,1.0,0.2543065313557117,0.2543065313557117,1.0,0.36587301587301585,0.36587301587301585,70.73041372088552,82.2801338264048,154.31551422169966,166.2242678357105,189.80588231716388,0.0,37.38275547206983,0.09640905542544886,1260,9
refine_2m,2.0,684.0,478.0,834.4698916078398,1.0,1.0,0.0,1.0,0.25456674473067914,0.25456674473067914,1.0,0.36666666666666664,0.36666666666666664,70.64340070411991,82.11959544913378,153.89507670731413,165.73973722702308,189.10956322196705,0.0,37.286455194308374,0.0970335675253708,1260,9
refine_2m,2.0,686.0,442.0,816.0637230020704,1.0,1.0,0.0,1.0,0.2600312256049961,0.2600312256049961,1.0,0.36507936507936506,0.36507936507936506,72.16372615812242,85.11490060591254,162.22723673095743,174.91693915752668,202.31344779156103,0.0,39.02346772918098,0.09141295862607338,1260,9
refine_2m,2.0,686.0,444.0,817.148701277803,1.0,1.0,0.0,1.0,0.2600312256049961,0.2600312256049961,1.0,0.36507936507936506,0.36507936507936506,72.0537143797449,84.91690600592791,161.6638971674772,174.26764846547945,201.4714228151042,0.0,38.919384008331356,0.09203747072599532,1260,9
refine_2m,2.0,686.0,446.0,818.2371294435372,1.0,1.0,0.0,1.0,0.2600312256049961,0.2600312256049961,1.0,0.36507936507936506,0.36507936507936506,71.94528547685228,84.72144572638243,161.1068709642606,173.62574909712083,200.63929392791235,0.0,38.81578328503647,0.09203747072599532,1260,9
refine_2m,2.0,686.0,448.0,819.3289937503738,1.0,1.0,0.0,1.0,0.25917252146760345,0.25917252146760345,1.0,0.36428571428571427,0.36428571428571427,71.83841688034002,84.52847939921665,160.55606499896743,173.05600849553656,199.8169030144354,0.0,38.71266243530081,0.09203747072599532,1260,9
refine_2m,2.0,686.0,450.0,820.4242804793139,1.0,1.0,0.0,1.0,0.25917252146760345,0.25917252146760345,1.0,0.36428571428571427,0.36428571428571427,71.73308643908146,84.3379753566738,160.01138794929918,172.4999677263256,199.0040952791142,0.0,38.610018362568475,0.09266198282591726,1260,9
refine_2m,2.0,686.0,452.0,821.5229759416349,1.0,1.0,0.0,1.0,0.25917252146760345,0.25917252146760345,1.0,0.36428571428571427,0.36428571428571427,71.62927241056332,84.14989627673455,159.47760438682567,171.94965929303166,198.20071915980463,0.0,38.50784799738487,0.09266198282591726,1260,9
refine_2m,2.0,686.0,454.0,822.6250664792558,1.0,1.0,0.0,1.0,0.25831381733021075,0.25831381733021075,1.0,0.3634920634920635,0.3634920634920635,71.52695345176376,83.96420564002855,158.97835694408823,171.40500542708708,197.40662624389753,0.0,38.40614829706414,0.0932864949258392,1260,9
refine_2m,2.0,686.0,456.0,823.7305384650978,1.0,1.0,0.0,1.0,0.25831381733021075,0.25831381733021075,1.0,0.3634920634920635,0.3634920634920635,71.4261086102739,83.78087338636736,158.48436379989857,170.86592974558016,196.621671187023,0.0,38.304916245362364,0.0932864949258392,1260,9
refine_2m,2.0,686.0,458.0,824.8393783034368,1.0,1.0,0.0,1.0,0.25831381733021075,0.25831381733021075,1.0,0.3634920634920635,0.3634920634920635,71.32671731565148,83.59986245600533,157.99555300927355,170.33235722050912,195.84571163427373,0.0,38.204148852156166,0.0932864949258392,1260,9
refine_2m,2.0,686.0,460.0,825.9515724302485,1.0,1.0,0.0,1.0,0.2574551131928181,0.2574551131928181,1.0,0.3626984126984127,0.3626984126984127,71.22875937099504,83.42114165171336,157.51185391796002,169.80421414886027,195.07860814384722,0.0,38.1038431531269,0.09391100702576112,1260,9
refine_2m,2.0,686.0,462.0,827.067107313548,1.0,1.0,0.0,1.0,0.2574551131928181,0.2574551131928181,1.0,0.3626984126984127,0.3626984126984127,71.13221494473922,83.24467984434382,157.03319713364837,169.28142812347446,194.32022411300485,0.0,38.003996209450094,0.09391100702576112,1260,9
refine_2m,2.0,686.0,464.0,828.1859694537212,1.0,1.0,0.0,1.0,0.25659640905542547,0.25659640905542547,1.0,0.3619047619047619,0.3619047619047619,71.03706456266916,83.07044147887285,156.55951449796603,168.76392800468903,193.57042570628852,0.0,37.904605107490006,0.09391100702576112,1260,9
refine_2m,2.0,686.0,466.0,829.3081453838495,1.0,1.0,0.0,1.0,0.25659640905542547,0.25659640905542547,1.0,0.3619047619047619,0.3619047619047619,70.94328910012477,82.89840075396654,156.0907390591909,168.25164389271998,192.82908178590455,0.0,37.80566695849943,0.09453551912568306,1260,9
refine_2m,2.0,686.0,468.0,830.4336216700285,1.0,1.0,0.0,1.0,0.25573770491803277,0.25573770491803277,1.0,0.3611111111111111,0.3611111111111111,70.85086977442022,82.72852237180382,155.62680504572015,167.7445071007726,192.09606384419507,0.0,37.707178898324315,0.09453551912568306,1260,9
refine_2m,2.0,686.0,470.0,831.5623849116794,1.0,1.0,0.0,1.0,0.25573770491803277,0.25573770491803277,1.0,0.3611111111111111,0.3611111111111111,70.75978813744806,82.56077617291787,155.16764784020705,167.24245012883563,191.37124593813564,0.0,37.60913808711335,0.09453551912568306,1260,9
refine_2m,2.0,686.0,472.0,832.6944217418536,1.0,1.0,0.0,1.0,0.25487900078064013,0.25487900078064013,1.0,0.3603174603174603,0.3603174603174603,70.67002606847404,82.39513426684167,154.73007917450957,166.74540663816762,190.65450462576868,0.0,37.51154170903226,0.09596669268800416,1260,9
refine_2m,2.0,686.0,474.0,833.8297188275313,1.0,1.0,0.0,1.0,0.25487900078064013,0.25487900078064013,1.0,0.3603174603174603,0.3603174603174603,70.58156576711147,82.23156539231621,154.30870549101505,166.25331142644052,189.94571890453798,0.0,37.414386971982815,0.09677335415040333,1260,9
refine_2m,2.0,686.0,476.0,834.9682628699129,1.0,1.0,0.0,1.0,0.2551392141556076,0.2551392141556076,1.0,0.3611111111111111,0.3611111111111111,70.4943897464813,82.07004486350095,153.89144652128914,165.7661004035239,189.2447701514289,0.0,37.31767110732632,0.09739786625032526,1260,9
refine_2m,2.0,686.0,478.0,836.1100406047042,1.0,1.0,0.0,1.0,0.2545407233931824,0.2545407233931824,1.0,0.3611111111111111,0.3611111111111111,70.4084808265271,81.91054480052415,153.41507816582293,165.28371056787188,188.55154206485543,0.0,37.221391369611666,0.09820452771272443,1260,9
refine_2m,2.0,688.0,442.0,817.745681737299,1.0,1.0,0.0,1.0,0.2617486338797814,0.2617486338797814,1.0,0.36666666666666664,0.36666666666666664,71.9081408302956,84.88638528294949,161.72572530338525,174.3774854450326,201.69556859772436,0.0,38.95765487830571,0.09016393442622951,1260,9
refine_2m,2.0,688.0,444.0,818.8284313578761,1.0,1.0,0.0,1.0,0.2617486338797814,0.2617486338797814,1.0,0.36666666666666664,0.36666666666666664,71.79942959288582,84.68961668037682,161.16512676761013,173.73124375283993,200.8572568591124,0.0,38.85358256925344,0.09078844652615145,1260,9
refine_2m,2.0,688.0,446.0,819.9146297023856,1.0,1.0,0.0,1.0,0.2617486338797814,0.2617486338797814,1.0,0.36666666666666664,0.36666666666666664,71.69228808583208,84.49536853075247,160.61081344151418,173.12605269924296,200.02879919380922,0.0,38.74999402648437,0.09078844652615145,1260,9
refine_2m,2.0,688.0,448.0,821.00426308272,1.0,1.0,0.0,1.0,0.2617486338797814,0.2617486338797814,1.0,0.36666666666666664,0.36666666666666664,71.58669392149095,84.30360593641684,160.062692626668,172.56665229980024,199.2100381874082,0.0,38.64688611656575,0.09141295862607338,1260,9
refine_2m,2.0,688.0,450.0,822.0973178401691,1.0,1.0,0.0,1.0,0.2617486338797814,0.2617486338797814,1.0,0.36666666666666664,0.36666666666666664,71.48262512702911,84.11428934588065,159.52067341610692,172.0130403446849,198.40081972990927,0.0,38.544255733605226,0.09141295862607338,1260,9
refine_2m,2.0,688.0,452.0,823.1937803457944,1.0,1.0,0.0,1.0,0.2617486338797814,0.2617486338797814,1.0,0.36666666666666664,0.36666666666666664,71.38006013511892,83.92738666669513,159.00989823176675,171.46513796843672,197.60099292958697,0.0,38.44209979891123,0.09141295862607338,1260,9
refine_2m,2.0,688.0,454.0,824.293637000796,1.0,1.0,0.0,1.0,0.2608899297423888,0.2608899297423888,1.0,0.36587301587301585,0.36587301587301585,71.27897777488849,83.74286297233986,158.51300008197103,170.92286771683698,196.81041002949576,0.0,38.340415260659356,0.09203747072599532,1260,9
refine_2m,2.0,688.0,456.0,825.3968742368728,1.0,1.0,0.0,1.0,0.2608899297423888,0.2608899297423888,1.0,0.36587301587301585,0.36587301587301585,71.17935726310803,83.56068125432199,158.02133401315905,170.3861535154607,196.02892632661406,0.0,38.239199093564345,0.09203747072599532,1260,9
refine_2m,2.0,688.0,458.0,826.5034785165759,1.0,1.0,0.0,1.0,0.2608899297423888,0.2608899297423888,1.0,0.36587301587301585,0.36587301587301585,71.08117819560493,83.38081322772565,157.5348283881784,169.85492063907657,195.25640009342735,0.0,38.1384482985577,0.09203747072599532,1260,9
refine_2m,2.0,688.0,460.0,827.6134363336545,1.0,1.0,0.0,1.0,0.2600312256049961,0.2600312256049961,1.0,0.36507936507936506,0.36507936507936506,70.98442053890054,83.20322241705357,157.05341285487023,169.3290956818515,194.4926925019624,0.0,38.038159902470674,0.09266198282591726,1260,9
refine_2m,2.0,688.0,462.0,828.7267342133956,1.0,1.0,0.0,1.0,0.2600312256049961,0.2600312256049961,1.0,0.36507936507936506,0.36507936507936506,70.8890646220691,83.02787788482634,156.5770183174093,168.80860652836628,193.73766755010658,0.0,37.93833095772267,0.09346864428831642,1260,9
refine_2m,2.0,688.0,464.0,829.8433587129562,1.0,1.0,0.0,1.0,0.25917252146760345,0.25917252146760345,1.0,0.36428571428571427,0.36428571428571427,70.79509112880258,82.85474987926435,156.10557690842762,168.29338232535756,192.9911919901858,0.0,37.838958542014744,0.09427530575071559,1260,9
refine_2m,2.0,688.0,466.0,830.9632964216892,1.0,1.0,0.0,1.0,0.25917252146760345,0.25917252146760345,1.0,0.36428571428571427,0.36428571428571427,70.70248108968501,82.6838032163684,155.63902196187007,167.78335345424497,192.25313525967678,0.0,37.740039758028345,0.09489981785063752,1260,9
refine_2m,2.0,688.0,468.0,832.0865339614625,1.0,1.0,0.0,1.0,0.25917252146760345,0.25917252146760345,1.0,0.36428571428571427,0.36428571428571427,70.61121587465423,82.5150130241031,155.17728798656316,167.27845150434024,191.52336941402078,0.0,37.6415717331289,0.09570647931303669,1260,9
refine_2m,2.0,688.0,470.0,833.2130579869713,1.0,1.0,0.0,1.0,0.25831381733021075,0.25831381733021075,1.0,0.3634920634920635,0.3634920634920635,70.52127718566724,82.34834558656941,154.726556495258,166.77860924677378,190.80176906142728,0.0,37.54355161907441,0.09713765287535779,1260,9
refine_2m,2.0,688.0,472.0,834.3428551860441,1.0,1.0,0.0,1.0,0.25831381733021075,0.25831381733021075,1.0,0.3634920634920635,0.3634920634920635,70.43264704954754,82.18377341014074,154.30296601514132,166.28376060909108,190.08821129964326,0.0,37.44597659172871,0.09713765287535779,1260,9
refine_2m,2.0,688.0,474.0,835.4759122799412,1.0,1.0,0.0,1.0,0.2574551131928181,0.2574551131928181,1.0,0.3626984126984127,0.3626984126984127,70.34530781101243,82.0212662343663,153.88352567343946,165.7938406504942,189.38257565456777,0.0,37.348843850779495,0.09794431433775697,1260,9
refine_2m,2.0,688.0,476.0,836.6122160236486,1.0,1.0,0.0,1.0,0.2574551131928181,0.2574551131928181,1.0,0.3626984126984127,0.3626984126984127,70.25924212587698,81.8607936996983,153.43778838562463,165.3087855377496,188.68474402068458,0.0,37.25215061946084,0.09856882643767889,1260,9
refine_2m,2.0,688.0,478.0,837.7517532061631,1.0,1.0,0.0,1.0,0.25659640905542547,0.25659640905542547,1.0,0.3619047619047619,0.3619047619047619,70.1744329544277,81.70233111920108,152.93871954457398,164.82853252165972,187.99460060325114,0.0,37.15589414428029,0.09937548790007807,1260,9
refine_2m,2.0,690.0,442.0,819.4290695356127,1.0,1.0,0.0,1.0,0.26031746031746034,0.26031746031746034,1.0,0.3626984126984127,0.3626984126984127,71.65351181507233,84.65879615411647,161.22525186992783,173.8391252015283,201.07889583085435,0.0,38.89135510453479,0.09016393442622951,1260,9
refine_2m,2.0,690.0,444.0,820.5095977500812,1.0,1.0,0.0,1.0,0.26060369502992453,0.26060369502992453,1.0,0.3634920634920635,0.3634920634920635,71.54609615536981,84.46324806601096,160.66738860282868,173.19795993023854,200.24428948101183,0.0,38.78729736853981,0.09016393442622951,1260,9
refine_2m,2.0,690.0,446.0,821.5935734899585,1.0,1.0,0.0,1.0,0.261176164454853,0.261176164454853,1.0,0.36507936507936506,0.36507936507936506,71.44023711961218,84.27020787052294,160.11578246056118,172.6351614237761,199.41949529237502,0.0,38.68372413967169,0.09016393442622951,1260,9
refine_2m,2.0,690.0,448.0,822.6809831277249,1.0,1.0,0.0,1.0,0.2617486338797814,0.2617486338797814,1.0,0.36666666666666664,0.36666666666666664,71.33591250118951,84.07963886589783,159.57034116740357,172.07820831622067,198.60435654961495,0.0,38.58063227540593,0.09016393442622951,1260,9
refine_2m,2.0,690.0,450.0,823.7718130647588,1.0,1.0,0.0,1.0,0.2617486338797814,0.2617486338797814,1.0,0.36666666666666664,0.36666666666666664,71.23310050513281,83.89150813780168,159.04295473730903,171.52702062420414,197.79871982629012,0.0,38.47801866085316,0.09016393442622951,1260,9
refine_2m,2.0,690.0,452.0,824.8660497317125,1.0,1.0,0.0,1.0,0.2617486338797814,0.2617486338797814,1.0,0.36666666666666664,0.36666666666666664,71.13177973888678,83.70577643220874,158.5431187093051,170.98151980177778,197.00243489912137,0.0,38.37588020841852,0.09097059588862867,1260,9
refine_2m,2.0,690.0,454.0,825.9636795888788,1.0,1.0,0.0,1.0,0.2617486338797814,0.2617486338797814,1.0,0.36666666666666664,0.36666666666666664,71.03192920332005,83.52241146673579,158.04856523111292,170.44162870825338,196.21535466492912,0.0,38.274213857467,0.09240176945094977,1260,9
refine_2m,2.0,690.0,456.0,827.0646891265519,1.0,1.0,0.0,1.0,0.2617486338797814,0.2617486338797814,1.0,0.36666666666666664,0.36666666666666664,70.93352828397994,83.34138048763295,157.55922166404585,169.90727157691222,195.43733506015823,0.0,38.173016573994445,0.09240176945094977,1260,9
refine_2m,2.0,690.0,458.0,828.1690648653812,1.0,1.0,0.0,1.0,0.2617486338797814,0.2617486338797814,1.0,0.36666666666666664,0.36666666666666664,70.83655674256941,83.16264634941305,157.07501667797948,169.3783739845135,194.66823498288417,0.0,38.072285350304156,0.09320843091334895,1260,9
refine_2m,2.0,690.0,460.0,829.2767933567176,1.0,1.0,0.0,1.0,0.2617486338797814,0.2617486338797814,1.0,0.36666666666666664,0.36666666666666664,70.74099470864584,82.98618173113542,156.59588022205992,168.85486282166275,193.90791621718608,0.0,37.97201720468892,0.09463960447567005,1260,9
refine_2m,2.0,690.0,462.0,830.3878611829534,1.0,1.0,0.0,1.0,0.2617486338797814,0.2617486338797814,1.0,0.36666666666666664,0.36666666666666664,70.6468226715407,82.81195140011127,156.12174349617894,168.33666626392937,193.15624335985584,0.0,37.872209181118414,0.09463960447567005,1260,9
refine_2m,2.0,690.0,464.0,831.5022549578564,1.0,1.0,0.0,1.0,0.2617486338797814,0.2617486338797814,1.0,0.36666666666666664,0.36666666666666664,70.55402147248246,82.63992453712812,155.6525389232236,167.82371374373452,192.4130837493013,0.0,37.77285834893183,0.09607077803799115,1260,9
refine_2m,2.0,690.0,466.0,832.6199613268949,1.0,1.0,0.0,1.0,0.2617486338797814,0.2617486338797814,1.0,0.36666666666666664,0.36666666666666664,70.462572296923,82.47007259286337,155.18820012206336,167.3159359229879,191.67830739663466,0.0,37.67396180253558,0.09687743950039032,1260,9
refine_2m,2.0,690.0,468.0,833.7409669675588,1.0,1.0,0.0,1.0,0.2617486338797814,0.2617486338797814,1.0,0.36666666666666664,0.36666666666666664,70.37245666706671,82.30236091588247,154.72866188125278,166.8132646664184,190.95178691877746,0.0,37.57551666110605,0.09687743950039032,1260,9
refine_2m,2.0,690.0,470.0,834.8652585896721,1.0,1.0,0.0,1.0,0.2608899297423888,0.2608899297423888,1.0,0.36587301587301585,0.36587301587301585,70.28365643457863,82.13676542018662,154.2983087447514,166.31563301562167,190.2333974736308,0.0,37.477520068297196,0.09830861306271142,1260,9
refine_2m,2.0,690.0,472.0,835.9928229356996,1.0,1.0,0.0,1.0,0.2608899297423888,0.2608899297423888,1.0,0.36587301587301585,0.36587301587301585,70.19615377348924,81.97325293598993,153.876664727629,165.82297516376258,189.5230166970982,0.0,37.37996919195296,0.0991152745251106,1260,9
refine_2m,2.0,690.0,474.0,837.1236467810476,1.0,1.0,0.0,1.0,0.2600312256049961,0.2600312256049961,1.0,0.36507936507936506,0.36507936507936506,70.10993117327412,81.8117968201252,153.45915418027136,165.3352264309315,188.82052464204295,0.0,37.28286122382439,0.0991152745251106,1260,9
refine_2m,2.0,690.0,476.0,838.2577169343566,1.0,1.0,0.0,1.0,0.2600312256049961,0.2600312256049961,1.0,0.36507936507936506,0.36507936507936506,70.02497143210616,81.65236916068454,152.9572739699888,164.8523232401459,188.12580371899674,0.0,37.18619337929129,0.1005464480874317,1260,9
refine_2m,2.0,690.0,478.0,839.39502023779,1.0,1.0,0.0,1.0,0.25917252146760345,0.25917252146760345,1.0,0.36428571428571427,0.36428571428571427,69.94125765027785,81.49494051621163,152.50077538856752,164.37420309394844,187.43873863862282,0.0,37.08996289708839,0.1005464480874317,1260,9
refine_2m,2.0,692.0,442.0,821.1138776077287,1.0,1.0,0.0,1.0,0.2572989851678376,0.2572989851678376,1.0,0.35555555555555557,0.35555555555555557,71.39983988332413,84.43213867259769,160.72581639278997,173.3018582840753,200.46342913539078,0.0,38.824567657853144,0.09097059588862867,1260,9
refine_2m,2.0,692.0,444.0,822.1921916437786,1.0,1.0,0.0,1.0,0.2568566224303929,0.2568566224303929,1.0,0.35555555555555557,0.35555555555555557,71.2937148257363,84.23780255052995,160.17068264161426,172.70551940073236,199.63252033599682,0.0,38.72052766536276,0.09177725735102785,1260,9
refine_2m,2.0,692.0,446.0,823.2739519746754,1.0,1.0,0.0,1.0,0.2567004944054124,0.2567004944054124,1.0,0.35634920634920636,0.35634920634920636,71.18913332449364,84.04596407667849,159.62177799599442,172.14518689704195,198.81138188932314,0.0,38.61697289286231,0.09258391881342701,1260,9
refine_2m,2.0,692.0,448.0,824.3591450332798,1.0,1.0,0.0,1.0,0.25625813166796774,0.25625813166796774,1.0,0.35634920634920636,0.35634920634920636,71.08607335358384,83.85658557009738,159.07901060172068,171.59067648714608,197.99985777706476,0.0,38.51390018908206,0.09258391881342701,1260,9
refine_2m,2.0,692.0,450.0,825.447757280859,1.0,1.0,0.0,1.0,0.25610200364298724,0.25610200364298724,1.0,0.35714285714285715,0.35714285714285715,70.98451329548544,83.669629598867,158.57473937564467,171.04190851246943,197.19779525432963,0.0,38.41130643047612,0.09339058027582618,1260,9
refine_2m,2.0,692.0,452.0,826.5397752074609,1.0,1.0,0.0,1.0,0.25594587561800675,0.25594587561800675,1.0,0.35793650793650794,0.35793650793650794,70.88443193199433,83.48506533393031,158.07726583686156,170.4988047457488,196.40504476432977,0.0,38.309188520881,0.09419724173822534,1260,9
refine_2m,2.0,692.0,454.0,827.6351853322815,1.0,1.0,0.0,1.0,0.25550351288056206,0.25550351288056206,1.0,0.35793650793650794,0.35793650793650794,70.78580843531681,83.30285506722792,157.585052413547,169.96128835903934,195.62145985574094,0.0,38.20754339118009,0.09419724173822534,1260,9
refine_2m,2.0,692.0,456.0,828.7339742040265,1.0,1.0,0.0,1.0,0.2546187874056727,0.2546187874056727,1.0,0.35793650793650794,0.35793650793650794,70.688622359374,83.12296549407554,157.0980267790849,169.42928389251867,194.84689710262597,0.0,38.10636799897372,0.09500390320062452,1260,9
refine_2m,2.0,692.0,458.0,829.8361284012645,1.0,1.0,0.0,1.0,0.25417642466822793,0.25417642466822793,1.0,0.35793650793650794,0.35793650793650794,70.59285363135054,82.9453656506686,156.616117909574,168.90271722418836,194.08121602682732,0.0,38.00565932825489,0.09581056466302368,1260,9
refine_2m,2.0,692.0,460.0,830.9416345327751,1.0,1.0,0.0,1.0,0.2530054644808743,0.2530054644808743,1.0,0.35714285714285715,0.35714285714285715,70.4984825434545,82.77001902968183,156.13925605468486,168.38151554032504,193.32427902271363,0.0,37.90541438909053,0.09581056466302368,1260,9
refine_2m,2.0,692.0,462.0,832.0504792378886,1.0,1.0,0.0,1.0,0.25154826958105647,0.25154826958105647,1.0,0.35555555555555557,0.35555555555555557,70.40548974489018,82.59689845675216,155.667372709255,167.865607306753,192.57595128424788,0.0,37.80563021730797,0.09661722612542285,1260,9
refine_2m,2.0,692.0,464.0,833.16264918682,1.0,1.0,0.0,1.0,0.24863387978142076,0.24863387978142076,1.0,0.3523809523809524,0.3523809523809524,70.31385623404998,82.42597018793445,155.20040058568793,167.35492224086042,191.8361007342542,0.0,37.706303874186766,0.09804839968774395,1260,9
refine_2m,2.0,692.0,466.0,834.2781310809962,1.0,1.0,0.0,1.0,0.246448087431694,0.246448087431694,1.0,0.35,0.35,70.22356335089,82.25720358835716,154.7382735870418,166.84939128433516,191.10459795582247,0.0,37.607437491555814,0.09804839968774395,1260,9
refine_2m,2.0,692.0,468.0,835.396911653377,1.0,1.0,0.0,1.0,0.246448087431694,0.246448087431694,1.0,0.35,0.35,70.13459276951399,82.09057118667064,154.29474684333385,166.34894657664185,190.38131612577496,0.0,37.50902446072242,0.09885506115014311,1260,9
refine_2m,2.0,692.0,470.0,836.5189776687675,1.0,1.0,0.0,1.0,0.246448087431694,0.246448087431694,1.0,0.35,0.35,70.04692649094216,81.92603890996197,153.8708765176717,165.8535214291589,189.66613095010936,0.0,37.41106053644608,0.09947957325006505,1260,9
refine_2m,2.0,692.0,472.0,837.6443159241278,1.0,1.0,0.0,1.0,0.246448087431694,0.246448087431694,1.0,0.35,0.35,69.96054683606118,81.76358334827745,153.45117538674643,165.3630503000104,188.95892060138212,0.0,37.31354287955966,0.10028623471246421,1260,9
refine_2m,2.0,692.0,474.0,838.7729132488721,1.0,1.0,0.0,1.0,0.246448087431694,0.246448087431694,1.0,0.35,0.35,69.8754364387598,81.60317191848095,152.97990122695518,164.8774687695269,188.25956565792842,0.0,37.21646867486921,0.10028623471246421,1260,9
refine_2m,2.0,692.0,476.0,839.9047565051646,1.0,1.0,0.0,1.0,0.246448087431694,0.246448087431694,1.0,0.35,0.35,69.79157823922952,81.44477887654209,152.49808218037066,164.39671351635184,187.56794904487347,0.0,37.11983513087511,0.10171740827478533,1260,9
refine_2m,2.0,692.0,478.0,841.0398325882074,1.0,1.0,0.0,1.0,0.246448087431694,0.246448087431694,1.0,0.35,0.35,69.70895547743645,81.28837657083842,152.06370135973458,163.92072229413924,186.88395597686483,0.0,37.02363947949775,0.10252406973718449,1260,9
refine_2m,2.0,694.0,442.0,822.8000972289685,1.0,1.0,0.0,1.0,0.24043715846994534,0.24043715846994534,1.0,0.3333333333333333,0.3333333333333333,71.14712580944386,84.2064078973547,160.2274188397857,172.77775096889843,199.84916816087534,0.0,38.75779023105972,0.09354670830080666,1260,9
refine_2m,2.0,694.0,444.0,823.8762042928537,1.0,1.0,0.0,1.0,0.24072339318240957,0.24072339318240957,1.0,0.3341269841269841,0.3341269841269841,71.04228636586818,84.0132826390814,159.67500885801655,172.21400019939207,199.02194908432557,0.0,38.65378702999553,0.09435336976320582,1260,9
refine_2m,2.0,694.0,446.0,824.9557563893957,1.0,1.0,0.0,1.0,0.2410096278948738,0.2410096278948738,1.0,0.3349206349206349,0.3349206349206349,70.93897744993915,83.82263913358258,159.12880002793034,171.65612906038194,198.2044586553947,0.0,38.55026958782288,0.09435336976320582,1260,9
refine_2m,2.0,694.0,448.0,826.0387400116292,1.0,1.0,0.0,1.0,0.24158209731980224,0.24158209731980224,1.0,0.33650793650793653,0.33650793650793653,70.83717721581725,83.63444392007847,158.6078821282034,171.10405675924324,197.3965415507569,0.0,38.44723474687676,0.09581056466302368,1260,9
refine_2m,2.0,694.0,450.0,827.1251416805078,1.0,1.0,0.0,1.0,0.24215456674473068,0.24215456674473068,1.0,0.3380952380952381,0.3380952380952381,70.73686422299976,83.44866179430791,158.10745534670315,170.55770396135324,196.59804570505418,0.0,38.34467937726232,0.09661722612542285,1260,9
refine_2m,2.0,694.0,452.0,828.2149479452783,1.0,1.0,0.0,1.0,0.2424408014571949,0.2424408014571949,1.0,0.3388888888888889,0.3388888888888889,70.63801742722879,83.26525507231906,157.61233963670458,170.01699275732187,195.80882222604004,0.0,38.24260037651347,0.09661722612542285,1260,9
refine_2m,2.0,694.0,454.0,829.3081453838495,1.0,1.0,0.0,1.0,0.24301327088212335,0.24301327088212335,1.0,0.3404761904761905,0.3404761904761905,70.5406161716321,83.0841936731154,157.12246165611083,169.48184663112661,195.02872531235468,0.0,38.14099466925743,0.09742388758782201,1260,9
refine_2m,2.0,694.0,456.0,830.4047206031527,1.0,1.0,0.0,1.0,0.24329950559458757,0.24329950559458757,1.0,0.3412698412698413,0.3412698412698413,70.44464017810947,82.90544167932154,156.6377493895596,168.95219042907968,194.2576121738192,0.0,38.0398592068848,0.09742388758782201,1260,9
refine_2m,2.0,694.0,458.0,831.5046602394962,1.0,1.0,0.0,1.0,0.243871975019516,0.243871975019516,1.0,0.34285714285714286,0.34285714285714286,70.35006953893232,82.72896609730954,156.15813211857804,168.42795032963548,193.49534295423547,0.0,37.93919096722533,0.09823054905022117,1260,9
refine_2m,2.0,694.0,460.0,832.6079509589132,1.0,1.0,0.0,1.0,0.2441582097319802,0.2441582097319802,1.0,0.34365079365079365,0.34365079365079365,70.25688470857146,82.55473732499958,155.68354039257696,167.90905381400867,192.7417806564937,0.0,37.83898695422917,0.09903721051262035,1260,9
refine_2m,2.0,694.0,462.0,833.7145794575024,1.0,1.0,0.0,1.0,0.24473067915690866,0.24473067915690866,1.0,0.34523809523809523,0.34523809523809523,70.16506649572808,82.38271910093027,155.21390600058442,167.3954296375374,191.99679107001725,0.0,37.73924419765334,0.09903721051262035,1260,9
refine_2m,2.0,694.0,464.0,834.8245324617623,1.0,1.0,0.0,1.0,0.24501691386937288,0.24501691386937288,1.0,0.346031746031746,0.346031746031746,70.07459605558248,82.21288448124172,154.74916194376004,166.88700780185076,191.26024270035757,0.0,37.639959752753526,0.09984387197501951,1260,9
refine_2m,2.0,694.0,466.0,835.9377967289194,1.0,1.0,0.0,1.0,0.24558938329430133,0.24558938329430133,1.0,0.3476190476190476,0.3476190476190476,69.98545488222544,82.04520104975455,154.29229369157605,166.38371952772462,190.53200670095305,0.0,37.541130699980926,0.09984387197501951,1260,9
refine_2m,2.0,694.0,468.0,837.0543590472485,1.0,1.0,0.0,1.0,0.24587561800676555,0.24587561800676555,1.0,0.3484126984126984,0.3484126984126984,69.89762480130219,81.87963847545376,153.8661740882645,165.88549722865812,189.81195680691943,0.0,37.44275414468412,0.10065053343741868,1260,9
refine_2m,2.0,694.0,470.0,838.1742062363885,1.0,1.0,0.0,1.0,0.24616185271922977,0.24616185271922977,1.0,0.3492063492063492,0.3492063492063492,69.81108796282896,81.71617024212239,153.4442598898361,165.39227448514788,189.09996927080928,0.0,37.34482721681583,0.10145719489981785,1260,9
refine_2m,2.0,694.0,472.0,839.2973251476499,1.0,1.0,0.0,1.0,0.246448087431694,0.246448087431694,1.0,0.35,0.35,69.7258268342029,81.55476285437204,153.0040178521,164.90398601961687,188.39592280030007,0.0,37.24734707064446,0.10145719489981785,1260,9
refine_2m,2.0,694.0,474.0,840.4237026643168,1.0,1.0,0.0,1.0,0.246448087431694,0.246448087431694,1.0,0.35,0.35,69.64182419337834,81.39539361048244,152.4988674456455,164.42056767198955,187.69969849771292,0.0,37.15031088447033,0.10288836846213896,1260,9
refine_2m,2.0,694.0,476.0,841.5533257019426,1.0,1.0,0.0,1.0,0.246448087431694,0.246448087431694,1.0,0.35,0.35,69.55906312222821,81.23803041375935,152.0597888365623,163.94195637589812,187.01117980130894,0.0,37.053715860346465,0.10288836846213896,1260,9
refine_2m,2.0,694.0,478.0,842.6861812086395,1.0,1.0,0.0,1.0,0.246448087431694,0.246448087431694,1.0,0.35,0.35,69.47752700005958,81.08264851481827,151.6274975310911,163.4680901354965,186.33025242832153,0.0,36.957559223803926,0.10369502992453812,1260,9
refine_2m,2.0,696.0,442.0,824.4877197387478,1.0,1.0,0.0,1.0,0.24043715846994534,0.24043715846994534,1.0,0.3333333333333333,0.3333333333333333,70.89537037124613,83.98160659572366,159.7300591843812,172.28467276783812,199.23611256197222,0.0,38.691560460830395,0.09547228727556596,1260,9
refine_2m,2.0,696.0,444.0,825.5616270152095,1.0,1.0,0.0,1.0,0.24043715846994534,0.24043715846994534,1.0,0.3333333333333333,0.3333333333333333,70.79181154088461,83.78968369316843,159.18036723167936,171.7234022665308,198.4125753913454,0.0,38.587582981154426,0.09547228727556596,1260,9
refine_2m,2.0,696.0,446.0,826.6389780309177,1.0,1.0,0.0,1.0,0.24043715846994534,0.24043715846994534,1.0,0.3333333333333333,0.3333333333333333,70.68977024847254,83.600233782573,158.64256737560825,171.16798785952648,197.59872526638733,0.0,38.48409190263074,0.09627894873796514,1260,9
refine_2m,2.0,696.0,448.0,827.7197593388719,1.0,1.0,0.0,1.0,0.24043715846994534,0.24043715846994534,1.0,0.3333333333333333,0.3333333333333333,70.58922482791422,83.41321684777344,158.13915362718134,170.61834908353666,196.79440755669202,0.0,38.38108405973619,0.09692948217538382,1260,9
refine_2m,2.0,696.0,450.0,828.8039575195089,1.0,1.0,0.0,1.0,0.24043715846994534,0.24043715846994534,1.0,0.3333333333333333,0.3333333333333333,70.49015401530829,83.22859994390068,157.64110267296766,170.07440692705273,195.99947087445244,0.0,38.27855631479121,0.09773614363778298,1260,9
refine_2m,2.0,696.0,452.0,829.8915591810776,1.0,1.0,0.0,1.0,0.24043715846994534,0.24043715846994534,1.0,0.3333333333333333,0.3333333333333333,70.39253693992252,83.04635017547216,157.14834013596325,169.53608379774184,195.21376699002397,0.0,38.17650555761789,0.09854280510018215,1260,9
refine_2m,2.0,696.0,454.0,830.9825509600066,1.0,1.0,0.0,1.0,0.24043715846994534,0.24043715846994534,1.0,0.3333333333333333,0.3333333333333333,70.29635311540476,82.86642995056613,156.6607929904603,169.00330349070904,194.43715075009055,0.0,38.07492870520387,0.09919333853760083,1260,9
refine_2m,2.0,696.0,456.0,832.0769195212664,1.0,1.0,0.0,1.0,0.2410096278948738,0.2410096278948738,1.0,0.3349206349206349,0.3349206349206349,70.2015824312297,82.68880965215415,156.1783895315357,168.47599115760727,193.6694799984041,0.0,37.97382270137199,0.1,1260,9
refine_2m,2.0,696.0,458.0,833.1746515587233,1.0,1.0,0.0,1.0,0.241295862607338,0.241295862607338,1.0,0.3357142857142857,0.3357142857142857,70.10820514436713,82.5134551171846,155.7010593453533,167.9540732765912,192.91061549890728,0.0,37.87318451645542,0.1,1260,9
refine_2m,2.0,696.0,460.0,834.275733795488,1.0,1.0,0.0,1.0,0.24186833203226646,0.24186833203226646,1.0,0.3373015873015873,0.3373015873015873,70.01620187116089,82.34033317353828,155.22873328027825,167.43747762304497,192.1604208612658,0.0,37.77301114697835,0.10145719489981785,1260,9
refine_2m,2.0,696.0,462.0,835.3801529842566,1.0,1.0,0.0,1.0,0.24215456674473068,0.24215456674473068,1.0,0.3380952380952381,0.3380952380952381,69.92555357943274,82.1694156988232,154.76134341876985,166.92613324110647,191.4187624686385,0.0,37.6733005599058,0.10226385636221702,1260,9
refine_2m,2.0,696.0,464.0,836.4878959076456,1.0,1.0,0.0,1.0,0.2424408014571949,0.2424408014571949,1.0,0.3388888888888889,0.3388888888888889,69.83624158077293,82.00066793383151,154.29882305000402,166.41997041592495,190.68550940763453,0.0,37.574051092196584,0.10226385636221702,1260,9
refine_2m,2.0,696.0,466.0,837.5989493785197,1.0,1.0,0.0,1.0,0.24301327088212335,0.24301327088212335,1.0,0.3404761904761905,0.3404761904761905,69.74824752304562,81.83406236204506,153.86257069933777,165.91892064665606,189.96053340041212,0.0,37.47525755589113,0.10307051782461618,1260,9
refine_2m,2.0,696.0,468.0,838.7133002403145,1.0,1.0,0.0,1.0,0.24329950559458757,0.24329950559458757,1.0,0.3412698412698413,0.3412698412698413,69.66155338307213,81.66956770642037,153.438420615823,165.42291662015614,189.24370873878004,0.0,37.37691704954822,0.10307051782461618,1260,9
refine_2m,2.0,696.0,470.0,839.8309353673512,1.0,1.0,0.0,1.0,0.243871975019516,0.243871975019516,1.0,0.34285714285714286,0.34285714285714286,69.57614145951271,81.50715405855208,153.01845894114265,164.93189218536173,188.53491222029152,0.0,37.2790266963925,0.10387717928701536,1260,9
refine_2m,2.0,696.0,472.0,840.9518416651455,1.0,1.0,0.0,1.0,0.2441582097319802,0.2441582097319802,1.0,0.34365079365079365,0.34365079365079365,69.49199436592092,81.34679573611896,152.52140759018485,164.44578232834147,187.83402308622826,0.0,37.181583644025636,0.10387717928701536,1260,9
refine_2m,2.0,696.0,474.0,842.076006070711,1.0,1.0,0.0,1.0,0.24444444444444444,0.24444444444444444,1.0,0.34444444444444444,0.34444444444444444,69.40909502397722,81.18845980459115,152.05700989115027,163.96452314796724,187.14092296141104,0.0,37.08458506414214,0.10468384074941452,1260,9
refine_2m,2.0,696.0,476.0,843.2034155528546,1.0,1.0,0.0,1.0,0.24473067915690866,0.24473067915690866,1.0,0.34523809523809523,0.34523809523809523,69.32742665689386,81.03212435093289,151.62236985868705,163.48805183223698,186.45549579580322,0.0,36.98802815224972,0.10468384074941452,1260,9
refine_2m,2.0,696.0,478.0,844.3340571124678,1.0,1.0,0.0,1.0,0.2453031485818371,0.2453031485818371,1.0,0.3468253968253968,0.3468253968253968,69.24697278298446,80.87775761781144,151.1921639800175,163.0163066351749,185.7776278077987,0.0,36.89191012739424,0.10549050221181369,1260,9
refine_2m,2.0,698.0,442.0,826.1767365400699,1.0,1.0,0.0,1.0,0.24605776736924279,0.24605776736924279,1.0,0.3396825396825397,0.3396825396825397,70.64457434984942,83.75772941375726,159.2337374057299,171.79252045708145,198.62426199850435,0.0,38.625850162224964,0.0965912047879261,1260,9
refine_2m,2.0,698.0,444.0,827.2484511922643,1.0,1.0,0.0,1.0,0.2446526151444184,0.2446526151444184,1.0,0.3380952380952381,0.3380952380952381,70.54229111902816,83.56700812048548,158.68675774789236,171.23372554689018,197.80439892752327,0.0,38.52189626613899,0.09739786625032526,1260,9
refine_2m,2.0,698.0,446.0,828.3236082594773,1.0,1.0,0.0,1.0,0.24395003903200624,0.24395003903200624,1.0,0.3373015873015873,0.3373015873015873,70.44151247556393,83.37874293762933,158.17238090296007,170.6807632446074,196.99418140317326,0.0,38.41842943426837,0.09739786625032526,1260,9
refine_2m,2.0,698.0,448.0,829.402194354464,1.0,1.0,0.0,1.0,0.24324746291959407,0.24324746291959407,1.0,0.33650793650793653,0.33650793650793653,70.3422169326759,83.19290221902689,157.6713612088235,170.13355341542245,196.19345548592682,0.0,38.315446492907604,0.09885506115014311,1260,9
refine_2m,2.0,698.0,450.0,830.48419611694,1.0,1.0,0.0,1.0,0.24184231069476972,0.24184231069476972,1.0,0.3349206349206349,0.3349206349206349,70.2443834026419,83.0094481869543,157.17568138184598,169.59201737011378,195.40207046353484,0.0,38.212944296274465,0.09966172261254229,1260,9
refine_2m,2.0,698.0,452.0,831.5696002139568,1.0,1.0,0.0,1.0,0.24113973458235755,0.24113973458235755,1.0,0.3341269841269841,0.3341269841269841,70.14799118784326,82.82834619590933,156.6852673666552,169.05607783258242,194.61987876701045,0.0,38.11091972616737,0.09966172261254229,1260,9
refine_2m,2.0,698.0,454.0,832.6583933402701,1.0,1.0,0.0,1.0,0.24043715846994534,0.24043715846994534,1.0,0.3333333333333333,0.3333333333333333,70.05301997204221,82.64956606997204,156.20004645310462,168.52565890826,193.84673588920418,0.0,38.00936969162857,0.10111891751236013,1260,9
refine_2m,2.0,698.0,456.0,833.750562218701,1.0,1.0,0.0,1.0,0.24043715846994534,0.24043715846994534,1.0,0.3333333333333333,0.3333333333333333,69.95944981189159,82.47307093220427,155.71994724589317,168.00068605337137,193.08250030593356,0.0,37.9082911286131,0.10111891751236013,1260,9
refine_2m,2.0,698.0,458.0,834.8460936004911,1.0,1.0,0.0,1.0,0.24043715846994534,0.24043715846994534,1.0,0.3333333333333333,0.3333333333333333,69.86726112866207,82.29883125326464,155.24489963502572,167.48108604499498,192.32703339950538,0.0,37.80768099966326,0.1019255789747593,1260,9
refine_2m,2.0,698.0,460.0,835.944974265651,1.0,1.0,0.0,1.0,0.24043715846994534,0.24043715846994534,1.0,0.3333333333333333,0.3333333333333333,69.77643470019163,82.12681462078946,154.77483476705908,166.96678695195484,191.58019938458898,0.0,37.70753629358862,0.10257611241217798,1260,9
refine_2m,2.0,698.0,462.0,837.0471910233018,1.0,1.0,0.0,1.0,0.24043715846994534,0.24043715846994534,1.0,0.3333333333333333,0.3333333333333333,69.68695165303498,81.95698779242443,154.30968501710962,166.45771810644624,190.84186523637516,0.0,37.60785402515125,0.10338277387457716,1260,9
refine_2m,2.0,698.0,464.0,838.1527307120105,1.0,1.0,0.0,1.0,0.24043715846994534,0.24043715846994534,1.0,0.3333333333333333,0.3333333333333333,69.59879345482796,81.78932400424897,153.86007983051567,165.95381007642388,190.1119006208639,0.0,37.508631234756365,0.10338277387457716,1260,9
refine_2m,2.0,698.0,466.0,839.2615802001185,1.0,1.0,0.0,1.0,0.24043715846994534,0.24043715846994534,1.0,0.3333333333333333,0.3333333333333333,69.51194190683437,81.62378899675998,153.4336707042555,165.45499463872645,189.39017782729604,0.0,37.409864988147916,0.10418943533697632,1260,9
refine_2m,2.0,698.0,468.0,840.3737263860645,1.0,1.0,0.0,1.0,0.24072339318240957,0.24072339318240957,1.0,0.3341269841269841,0.3341269841269841,69.42637913669519,81.46035610266236,153.01148650700426,164.96120475288524,188.67657170259065,0.0,37.311552376109255,0.10564663023679417,1260,9
refine_2m,2.0,698.0,470.0,841.4891561986999,1.0,1.0,0.0,1.0,0.241295862607338,0.241295862607338,1.0,0.3357142857142857,0.3357142857142857,69.34208759135696,81.29899529652826,152.5454423501685,164.472374535606,187.97095958774733,0.0,37.213690514168725,0.10564663023679417,1260,9
refine_2m,2.0,698.0,472.0,842.607856597599,1.0,1.0,0.0,1.0,0.24158209731980224,0.24158209731980224,1.0,0.33650793650793653,0.33650793650793653,69.25905003018087,81.13967658793199,152.05537879483063,163.9884392359451,187.27322125613665,0.0,37.116276542309976,0.10645329169919333,1260,9
refine_2m,2.0,698.0,474.0,843.7298145733621,1.0,1.0,0.0,1.0,0.24186833203226646,0.24186833203226646,1.0,0.3373015873015873,0.3373015873015873,69.1772495182285,80.98237498989855,151.61836508788653,163.50933521108394,186.58323885361,0.0,37.019307624687066,0.10710382513661203,1260,9
refine_2m,2.0,698.0,476.0,844.8550171479128,1.0,1.0,0.0,1.0,0.2424408014571949,0.2424408014571949,1.0,0.3388888888888889,0.3388888888888889,69.0966694197144,80.8270581960952,151.1858253252883,163.03499990274898,185.90089684038122,0.0,36.92278094934404,0.10710382513661203,1260,9
refine_2m,2.0,698.0,478.0,845.983451374789,1.0,1.0,0.0,1.0,0.24272703616965913,0.24272703616965913,1.0,0.3396825396825397,0.3396825396825397,69.0172933916265,80.67370502506226,150.75770078826793,162.56537181423255,185.2260819346,0.0,36.82669372793909,0.10710382513661203,1260,9
refine_2m,2.0,1042.0,442.0,1131.8692503995326,0.9918032786885246,1.0,0.0,0.9918032786885246,0.02185792349726776,0.02185792349726776,0.9166666666666666,0.016666666666666666,0.016666666666666666,56.766061548108446,61.65143869519837,91.35418758811707,98.96061210765899,111.26645010419332,0.0,30.277737669338215,0.1360655737704918,1260,9
refine_2m,2.0,1042.0,444.0,1132.651755836718,0.9918032786885246,1.0,0.0,0.9918032786885246,0.02185792349726776,0.02185792349726776,0.9166666666666666,0.016666666666666666,0.016666666666666666,56.70288509395647,61.58269838785806,91.17364345418783,98.7305885917122,110.96943924648644,0.0,30.181869817718106,0.1360655737704918,1260,9
refine_2m,2.0,1042.0,446.0,1133.4372501378275,0.9918032786885246,1.0,0.0,0.9918032786885246,0.02185792349726776,0.02185792349726776,0.9166666666666666,0.016666666666666666,0.016666666666666666,56.634160383051054,61.51511645057002,90.99555862890068,98.52157871515523,110.67627602514537,0.0,30.086554278769608,0.13723653395784544,1260,9
refine_2m,2.0,1042.0,448.0,1134.2257270931568,0.9918032786885246,1.0,0.0,0.9918032786885246,0.02185792349726776,0.02185792349726776,0.9166666666666666,0.016666666666666666,0.016666666666666666,56.622252427431235,61.4486763510455,90.81989498931382,98.34531119361331,110.38689939399497,0.0,29.991786579444593,0.13840749414519907,1260,9
refine_2m,2.0,1042.0,450.0,1135.0171804867095,0.9913348946135832,1.0,0.0,0.9913348946135832,0.02185792349726776,0.02185792349726776,0.9142857142857143,0.016666666666666666,0.016666666666666666,56.50854605739797,61.369502291308095,90.64661517051474,98.1711620731157,110.10124955157208,0.0,29.882295491247,0.13840749414519907,1260,9
refine_2m,2.0,1042.0,452.0,1135.8116040963837,0.9902419984387197,1.0,0.0,0.9902419984387197,0.02185792349726776,0.02185792349726776,0.9087301587301587,0.016666666666666666,0.016666666666666666,56.49847689319008,61.27299136843855,90.21228480130246,97.99910271524956,109.81926791008316,0.0,29.752319636021696,0.1395784543325527,1260,9
refine_2m,2.0,1042.0,454.0,1136.6089916941535,0.9889929742388759,1.0,0.0,0.9889929742388759,0.02185792349726776,0.02185792349726776,0.9023809523809524,0.016666666666666666,0.016666666666666666,56.39266457150992,61.17293048934092,89.87359853763652,97.82910497795494,109.54089706529973,0.0,29.6165428385955,0.14074941451990633,1260,9
refine_2m,2.0,1042.0,456.0,1137.4093370462544,0.9885245901639345,1.0,0.0,0.9885245901639345,0.02185792349726776,0.02185792349726776,0.9,0.016666666666666666,0.016666666666666666,56.37275040581009,61.09745937871304,89.71132702678396,97.66114120509866,109.26608076733231,0.0,29.507640120305936,0.14192037470725996,1260,9
refine_2m,2.0,1042.0,458.0,1138.2126339133652,0.9885245901639345,1.0,0.0,0.9885245901639345,0.02185792349726776,0.02185792349726776,0.9,0.016666666666666666,0.016666666666666666,56.2879796215876,61.03716088907052,89.55123808964812,97.49085325810687,108.99476389226696,0.0,29.415578175654154,0.14408014571949,1260,9
refine_2m,2.0,1044.0,442.0,1133.7107214805724,0.9918032786885246,1.0,0.0,0.9918032786885246,0.02185792349726776,0.02185792349726776,0.9166666666666666,0.016666666666666666,0.016666666666666666,56.745925350394785,61.623060207608425,91.02795503390608,98.59794475036777,110.8640123929645,0.0,30.25388672642116,0.13871975019516003,1260,9
refine_2m,2.0,1044.0,444.0,1134.4919567806553,0.9918032786885246,1.0,0.0,0.9918032786885246,0.02185792349726776,0.02185792349726776,0.9166666666666666,0.016666666666666666,0.016666666666666666,56.689345720492135,61.554513074572846,90.84930293002145,98.38958737266307,110.56942955820794,0.0,30.158132519174966,0.13871975019516003,1260,9
refine_2m,2.0,1044.0,446.0,1135.2761778527724,0.9913348946135832,1.0,0.0,0.9913348946135832,0.02185792349726776,0.02185792349726776,0.9142857142857143,0.016666666666666666,0.016666666666666666,56.632487121038736,61.47290248025979,90.67308941966112,98.21271790488531,110.27866743934436,0.0,30.04762037422938,0.13989071038251366,1260,9
refine_2m,2.0,1044.0,448.0,1136.0633785137165,0.9902419984387197,1.0,0.0,0.9902419984387197,0.02185792349726776,0.02185792349726776,0.9087301587301587,0.016666666666666666,0.016666666666666666,56.560160136378265,61.3735070953397,90.21423966343022,98.0379814798705,109.99166540514747,0.0,29.916573026553962,0.14207650273224043,1260,9
refine_2m,2.0,1044.0,450.0,1136.8535525739453,0.9889929742388759,1.0,0.0,0.9889929742388759,0.02185792349726776,0.02185792349726776,0.9023809523809524,0.016666666666666666,0.016666666666666666,56.45673898979077,61.27047251523819,89.88987511668259,97.86534913666183,109.7083640607055,0.0,29.779716168447024,0.14324746291959406,1260,9
refine_2m,2.0,1044.0,452.0,1137.6466938377662,0.9885245901639345,1.0,0.0,0.9885245901639345,0.02185792349726776,0.02185792349726776,0.9,0.016666666666666666,0.016666666666666666,56.43716976442469,61.19266593987842,89.72491105790535,97.69479241833285,109.42870521661459,0.0,29.6698133592235,0.1444184231069477,1260,9
refine_2m,2.0,1044.0,454.0,1138.4427961035196,0.9885245901639345,1.0,0.0,0.9885245901639345,0.0156128024980484,0.0156128024980484,0.9,0.011904761904761904,0.011904761904761904,56.41555887607283,61.13042493017767,89.56217798824393,97.5262833613605,109.15263185906228,0.0,29.576803477136135,0.14543325526932085,1260,9
refine_2m,2.0,1044.0,456.0,1139.2418531637609,0.9885245901639345,1.0,0.0,0.9885245901639345,0.0,0.0,0.9,0.0,0.0,56.331110722538845,61.06925378179603,89.40164215677866,97.35421634548771,108.88008812081263,0.0,29.484324621752723,0.14660421545667449,1260,9
refine_2m,2.0,1044.0,458.0,1140.0438588054408,0.9885245901639345,1.0,0.0,0.9885245901639345,0.0,0.0,0.9,0.0,0.0,56.31220819721766,61.009137593380906,89.24327046813237,97.16843676918053,108.611019253031,0.0,29.392372533735436,0.1477751756440281,1260,9
refine_2m,2.0,1046.0,442.0,1135.5527288505805,0.9913348946135832,1.0,0.0,0.9913348946135832,0.02185792349726776,0.02185792349726776,0.9142857142857143,0.016666666666666666,0.016666666666666666,56.74449906064522,61.58107361052411,90.81193325129595,98.25761357272516,110.46283626369211,0.0,30.21573908263645,0.14137392661982826,1260,9
refine_2m,2.0,1046.0,444.0,1136.3326977606514,0.9902419984387197,1.0,0.0,0.9902419984387197,0.02185792349726776,0.02185792349726776,0.9087301587301587,0.016666666666666666,0.016666666666666666,56.625008689409256,61.478716119660156,90.52617074064352,98.08013758171148,110.1706743182125,0.0,30.083590137249885,0.1425448868071819,1260,9
refine_2m,2.0,1046.0,446.0,1137.1156493514634,0.9889929742388759,1.0,0.0,0.9889929742388759,0.02185792349726776,0.02185792349726776,0.9023809523809524,0.016666666666666666,0.016666666666666666,56.589512246979496,61.37262908966773,90.1571059726323,97.90480944627706,109.88230623743863,0.0,29.945623810243465,0.14473067915690865,1260,9
refine_2m,2.0,1046.0,448.0,1137.901577466171,0.9885245901639345,1.0,0.0,0.9885245901639345,0.011449388498568826,0.011449388498568826,0.9,0.00873015873015873,0.00873015873015873,56.50265346391514,61.29242135011024,89.92241499097757,97.7315998778041,109.59767180394107,0.0,29.834689621949206,0.14473067915690865,1260,9
refine_2m,2.0,1046.0,450.0,1138.6904759415527,0.9885245901639345,1.0,0.0,0.9885245901639345,0.0,0.0,0.9,0.0,0.0,56.48518014805389,61.228180332116104,89.77706563724834,97.56048009954611,109.31671202824467,0.0,29.740699547539435,0.14590163934426228,1260,9
refine_2m,2.0,1046.0,452.0,1139.4823386081946,0.9885245901639345,1.0,0.0,0.9885245901639345,0.0,0.0,0.9,0.0,0.0,56.46060620966237,61.165037529052995,89.6335929044953,97.39142183577611,109.03936911823942,0.0,29.647248776450006,0.14707259953161592,1260,9
refine_2m,2.0,1046.0,454.0,1140.27715929067,0.9885245901639345,1.0,0.0,0.9885245901639345,0.0,0.0,0.9,0.0,0.0,56.37646359482773,61.10297749795098,89.38997547913827,97.2175576014833,108.7655864494655,0.0,29.554332959682263,0.1492583918813427,1260,9
refine_2m,2.0,1046.0,456.0,1141.074931807723,0.9885245901639345,1.0,0.0,0.9885245901639345,0.0,0.0,0.9,0.0,0.0,56.355679500188984,61.04198508710575,89.12870948071497,97.03114451476087,108.4953085363025,0.0,29.461947793180205,0.1492583918813427,1260,9
refine_2m,2.0,1046.0,458.0,1141.8756499724477,0.9885245901639345,1.0,0.0,0.9885245901639345,0.0,0.0,0.9,0.0,0.0,56.33773622251407,60.982045429354876,88.93645038877563,96.84708193969166,108.22848100398386,0.0,29.370089017255093,0.15042935206869634,1260,9
refine_2m,2.0,1048.0,442.0,1137.395269904003,0.9889929742388759,1.0,0.0,0.9889929742388759,0.015846994535519125,0.015846994535519125,0.9023809523809524,0.011904761904761904,0.011904761904761904,56.57315773118812,61.479536093232944,90.51297558381027,97.94756990292927,110.0629229571624,0.0,30.11433204356297,0.1451990632318501,1260,9
refine_2m,2.0,1048.0,444.0,1138.1739761565452,0.9885245901639345,1.0,0.0,0.9885245901639345,0.008534998698933125,0.008534998698933125,0.9,0.006349206349206349,0.006349206349206349,56.55920178729687,61.39685893031448,90.23827450268926,97.77164559980402,109.77317475814672,0.0,30.002347807427906,0.1451990632318501,1260,9
refine_2m,2.0,1048.0,446.0,1138.9556619991843,0.9885245901639345,1.0,0.0,0.9885245901639345,0.007468123861566485,0.007468123861566485,0.9,0.005555555555555556,0.005555555555555556,56.54580142836381,61.33055811083266,90.03175718555667,97.59785451744166,109.4871936418557,0.0,29.907357756918227,0.1473848555815769,1260,9
refine_2m,2.0,1048.0,448.0,1139.7403213013042,0.9885245901639345,1.0,0.0,0.9885245901639345,0.006401249024199844,0.006401249024199844,0.9,0.004761904761904762,0.004761904761904762,56.532948554055814,61.265384972343455,89.86162613212524,97.42616755421092,109.20491980350926,0.0,29.812915499521807,0.1485558157689305,1260,9
refine_2m,2.0,1048.0,450.0,1140.5279479258718,0.9885245901639345,1.0,0.0,0.9885245901639345,0.005334374186833204,0.005334374186833204,0.9,0.003968253968253968,0.003968253968253968,56.507880790568734,61.2013235044399,89.69381875592777,97.25655611728085,108.92629465796115,0.0,29.71901659359278,0.1485558157689305,1260,9
refine_2m,2.0,1048.0,452.0,1141.3185357296184,0.9885245901639345,1.0,0.0,0.9885245901639345,0.004267499349466563,0.004267499349466563,0.9,0.0031746031746031746,0.0031746031746031746,56.42402687502531,61.13835800131387,89.52829931955742,97.08087624358151,108.6512608093042,0.0,29.625656643668425,0.1507416081186573,1260,9
refine_2m,2.0,1048.0,454.0,1142.1120785632206,0.9885245901639345,1.0,0.0,0.9885245901639345,0.003200624512099922,0.003200624512099922,0.9,0.002380952380952381,0.002380952380952381,56.39878165921492,61.076473054664284,89.30557791315438,96.89382491641565,108.37976202137173,0.0,29.532831299873752,0.15191256830601094,1260,9
refine_2m,2.0,1048.0,456.0,1142.9085702714806,0.9885245901639345,1.0,0.0,0.9885245901639345,0.0021337496747332813,0.0021337496747332813,0.9,0.0015873015873015873,0.0015873015873015873,56.38441964386714,61.01565354679989,89.06725443565851,96.70914089878626,108.11174318912317,0.0,29.440536257335612,0.15308352849336457,1260,9
refine_2m,2.0,1048.0,458.0,1143.7080046935057,0.9885245901639345,1.0,0.0,0.9885245901639345,0.0,0.0,0.9,0.0,0.0,56.303195680572266,60.95588464393109,88.93069164669373,96.52678998573201,107.84715031085281,0.0,29.348767255606113,0.15308352849336457,1260,9
refine_2m,2.0,1050.0,442.0,1139.23834205139,0.9885245901639345,1.0,0.0,0.9885245901639345,0.022404371584699455,0.022404371584699455,0.9,0.016666666666666666,0.016666666666666666,56.60297506776685,61.4376944183813,90.21506649502138,97.63848955905706,109.66427372713048,0.0,30.07677006073966,0.14785323965651834,1260,9
refine_2m,2.0,1050.0,444.0,1140.0157893643404,0.9885245901639345,1.0,0.0,0.9885245901639345,0.022404371584699455,0.022404371584699455,0.9,0.016666666666666666,0.016666666666666666,56.510261507370984,61.37042990047356,90.06316282685236,97.46411262471678,109.37693212236874,0.0,29.981308547010237,0.15003903200624513,1260,9
refine_2m,2.0,1050.0,446.0,1140.7962131774457,0.9885245901639345,1.0,0.0,0.9885245901639345,0.022404371584699455,0.022404371584699455,0.9,0.016666666666666666,0.016666666666666666,56.478494252452,61.30430709159408,89.91323972402145,97.29185430462432,109.09333088747452,0.0,29.886399068282696,0.15003903200624513,1260,9
refine_2m,2.0,1050.0,448.0,1141.5796073861866,0.9885245901639345,1.0,0.0,0.9885245901639345,0.022404371584699455,0.022404371584699455,0.9,0.016666666666666666,0.016666666666666666,56.46562404078598,61.23930970527767,89.76526885317887,97.12168568383368,108.8134106291887,0.0,29.792037133699928,0.15120999219359876,1260,9
refine_2m,2.0,1050.0,450.0,1142.3659658795862,0.9885245901639345,1.0,0.0,0.9885245901639345,0.022404371584699455,0.022404371584699455,0.9,0.016666666666666666,0.016666666666666666,56.381689676187605,61.175421766263945,89.61922240111036,96.94417147295327,108.53711316557633,0.0,29.6982182992819,0.1523809523809524,1260,9
refine_2m,2.0,1050.0,452.0,1143.1552825403905,0.9885245901639345,1.0,0.0,0.9885245901639345,0.008534998698933125,0.008534998698933125,0.9,0.006349206349206349,0.006349206349206349,56.34279984404613,61.11262760322015,89.47507306320276,96.75647712110194,108.26438149585428,0.0,29.604938167318632,0.15339578454332553,1260,9
refine_2m,2.0,1050.0,454.0,1143.9475512452484,0.9885245901639345,1.0,0.0,0.9885245901639345,0.0,0.0,0.9,0.0,0.0,56.332335373378065,61.05091184166517,89.2259983041285,96.57116707741245,107.99515977109425,0.0,29.51219238577292,0.15456674473067916,1260,9
refine_2m,2.0,1050.0,456.0,1144.7427658648908,0.9885245901639345,1.0,0.0,0.9885245901639345,0.0,0.0,0.9,0.0,0.0,56.32237842670079,60.990259397087485,88.96914088547778,96.38820673501976,107.72939326580452,0.0,29.419976647692646,0.15456674473067916,1260,9
refine_2m,2.0,1050.0,458.0,1145.540920264309,0.9885245901639345,1.0,0.0,0.9885245901639345,0.0,0.0,0.9,0.0,0.0,56.312921848434264,60.930655468251764,88.73695286169344,96.20756213148077,107.46702835033561,0.0,29.328286690632417,0.1555815768930523,1260,9
refine_2m,2.0,1052.0,442.0,1141.0819427192773,0.9885245901639345,1.0,0.0,0.9885245901639345,0.022404371584699455,0.022404371584699455,0.9,0.016666666666666666,0.016666666666666666,56.54043155627926,61.41206489139068,89.918207361408,97.33037375893915,109.26688984034608,0.0,30.056633062552127,0.15050741608118656,1260,9
refine_2m,2.0,1052.0,444.0,1141.8581347960876,0.9885245901639345,1.0,0.0,0.9885245901639345,0.022404371584699455,0.022404371584699455,0.9,0.016666666666666666,0.016666666666666666,56.525025807048614,61.344974462433576,89.76786510243399,97.15753986252489,108.98194766795696,0.0,29.96124399337637,0.15152224824355973,1260,9
refine_2m,2.0,1052.0,446.0,1142.6373002838652,0.9885245901639345,1.0,0.0,0.9885245901639345,0.012802498048399688,0.012802498048399688,0.9,0.009523809523809525,0.009523809523809525,56.50091638239231,61.27902351230547,89.61948772671259,96.98681000217292,108.70071922163793,0.0,29.86640678097557,0.15152224824355973,1260,9
refine_2m,2.0,1052.0,448.0,1143.4194331040555,0.9885245901639345,1.0,0.0,0.9885245901639345,0.0,0.0,0.9,0.0,0.0,56.41156978545306,61.214195789476804,89.47304711331205,96.80744247408778,108.4231455185091,0.0,29.772116931135418,0.15152224824355973,1260,9
refine_2m,2.0,1052.0,450.0,1144.2045271716067,0.9885245901639345,1.0,0.0,0.9885245901639345,0.0,0.0,0.9,0.0,0.0,56.384490938035675,61.15047535295212,89.32851565778289,96.61910025826253,108.14916877875065,0.0,29.678369996625083,0.15253708040593286,1260,9
refine_2m,2.0,1052.0,452.0,1144.9925763951485,0.9885245901639345,1.0,0.0,0.9885245901639345,0.0,0.0,0.9,0.0,0.0,56.372691999899864,61.08784656500865,89.18586626070427,96.43315955326923,107.87873239562354,0.0,29.585161576587904,0.15253708040593286,1260,9
refine_2m,2.0,1052.0,454.0,1145.7835746771725,0.9885245901639345,1.0,0.0,0.9885245901639345,0.0,0.0,0.9,0.0,0.0,56.28880822811901,61.0262940841354,89.04507231653159,96.24958534372891,107.61178090638724,0.0,29.492487315941894,0.15253708040593286,1260,9
refine_2m,2.0,1052.0,456.0,1146.5775159142097,0.9885245901639345,1.0,0.0,0.9885245901639345,0.0,0.0,0.9,0.0,0.0,56.25449790508694,60.96580285816635,88.90610770272819,96.06834326916724,107.34825996407433,0.0,29.400342904789813,0.153551912568306,1260,9
refine_2m,2.0,1052.0,458.0,1147.3743939970075,0.9885245901639345,1.0,0.0,0.9885245901639345,0.0,0.0,0.9,0.0,0.0,56.245041217136745,60.90635811760105,88.76894676918997,95.88939960914637,107.0881163100839,0.0,29.30872407783868,0.153551912568306,1260,9
refine_2m,2.0,1054.0,442.0,1142.9260693500696,0.9885245901639345,1.0,0.0,0.9885245901639345,0.0,0.0,0.9,0.0,0.0,56.57126910464698,61.38741541152974,89.85664663205173,97.02322372886445,108.8707725765413,0.0,30.037353260367773,0.14949258391881343,1260,9
refine_2m,2.0,1054.0,444.0,1143.7010098797675,0.9885245901639345,1.0,0.0,0.9885245901639345,0.0,0.0,0.9,0.0,0.0,56.53279848984926,61.32049285034998,89.68303809643525,96.85192852756579,108.58822266471101,0.0,29.94202609546449,0.14949258391881343,1260,9
refine_2m,2.0,1054.0,446.0,1144.478920732051,0.9885245901639345,1.0,0.0,0.9885245901639345,0.0,0.0,0.9,0.0,0.0,56.44393297359353,61.25470760193783,89.50965317176413,96.67068841440216,108.30935990413795,0.0,29.847250694577344,0.14949258391881343,1260,9
refine_2m,2.0,1054.0,448.0,1145.2597958541983,0.9885245901639345,1.0,0.0,0.9885245901639345,0.0,0.0,0.9,0.0,0.0,56.42575427070096,61.19004344880047,89.2414275653263,96.48169343942365,108.0341257212022,0.0,29.75302255900073,0.14949258391881343,1260,9
refine_2m,2.0,1054.0,450.0,1146.043629186952,0.9885245901639345,1.0,0.0,0.9885245901639345,0.0,0.0,0.9,0.0,0.0,56.40694134654598,61.126484483324724,89.03883957627745,96.29511738535997,107.7624627370885,0.0,29.659337237139592,0.15050741608118656,1260,9
refine_2m,2.0,1054.0,452.0,1146.8304146646967,0.9885245901639345,1.0,0.0,0.9885245901639345,0.0,0.0,0.9,0.0,0.0,56.320824351192186,61.06401510053141,88.89768504203535,96.11092482157899,107.49431473803467,0.0,29.566190323897406,0.15050741608118656,1260,9
refine_2m,2.0,1054.0,454.0,1147.620146215637,0.9885245901639345,1.0,0.0,0.9885245901639345,0.0,0.0,0.9,0.0,0.0,56.2911520947279,61.00261999102914,88.75837114248397,95.92908098303985,107.22962664644021,0.0,29.473578001705917,0.15050741608118656,1260,9
refine_2m,2.0,1054.0,456.0,1148.4128177619752,0.9885245901639345,1.0,0.0,0.9885245901639345,0.0,0.0,0.9,0.0,0.0,56.2804100294888,60.94228413416204,88.62087195299745,95.74955175513436,106.96834449283999,0.0,29.38149962436809,0.15152224824355973,1260,9
refine_2m,2.0,1054.0,458.0,1149.2084232200875,0.9885245901639345,1.0,0.0,0.9885245901639345,0.0,0.0,0.9,0.0,0.0,56.20363583155326,60.88299279134451,88.4851620180297,95.57230365891768,106.71041538868903,0.0,29.289946672700406,0.15152224824355973,1260,9
refine_2m,2.0,1056.0,442.0,1144.7707194019247,0.9885245901639345,1.0,0.0,0.9885245901639345,0.0,0.0,0.9,0.0,0.0,56.56716574899487,61.363746200950466,89.75754178631563,96.71704070354957,108.47592322844561,0.0,30.01896883171317,0.14746291959406713,1260,9
refine_2m,2.0,1056.0,444.0,1145.5444120591746,0.9885245901639345,1.0,0.0,0.9885245901639345,0.0,0.0,0.9,0.0,0.0,56.48173839395377,61.29698528128332,89.60648440840932,96.53390844385325,108.19575839515294,0.0,29.9237008571416,0.14746291959406713,1260,9
refine_2m,2.0,1056.0,446.0,1146.3210719514843,0.9885245901639345,1.0,0.0,0.9885245901639345,0.0,0.0,0.9,0.0,0.0,56.46657333709091,61.23135957253239,89.42264304858644,96.34425575778798,107.91925420722923,0.0,29.828984568825042,0.14746291959406713,1260,9
refine_2m,2.0,1056.0,448.0,1147.100693051835,0.9885245901639345,1.0,0.0,0.9885245901639345,0.0,0.0,0.9,0.0,0.0,56.44094391816795,61.16685289034151,89.15673843349497,96.15703961357994,107.64635249918449,0.0,29.734815463379494,0.1484777517564403,1260,9
refine_2m,2.0,1056.0,450.0,1147.8832693266331,0.9885245901639345,1.0,0.0,0.9885245901639345,0.0,0.0,0.9,0.0,0.0,56.355269535346025,61.10344935959657,88.89391545378628,95.97222415844874,107.37699629212041,0.0,29.6411890846624,0.1484777517564403,1260,9
refine_2m,2.0,1056.0,452.0,1148.6687947358892,0.9885245901639345,1.0,0.0,0.9885245901639345,0.0,0.0,0.9,0.0,0.0,56.3272340092083,61.041133407194636,88.69860361499728,95.78977421613108,107.1111297641797,0.0,29.548101023157724,0.1484777517564403,1260,9
refine_2m,2.0,1056.0,454.0,1149.4572632333923,0.9885245901639345,1.0,0.0,0.9885245901639345,0.0,0.0,0.9,0.0,0.0,56.31517109801298,60.97988975501248,88.53841939244865,95.60965527139153,106.84869822186067,0.0,29.455546915371,0.14949258391881343,1260,9
refine_2m,2.0,1056.0,456.0,1150.2486687668888,0.9885245901639345,1.0,0.0,0.9885245901639345,0.0,0.0,0.9,0.0,0.0,56.237680808059125,60.91970341306827,88.38043598190059,95.4318334549651,106.58964807218267,0.0,29.36352244323401,0.14949258391881343,1260,9
refine_2m,2.0,1056.0,458.0,1151.0430052782563,0.9885245901639345,1.0,0.0,0.9885245901639345,0.0,0.0,0.9,0.0,0.0,56.19848150902653,60.860559672870224,88.22461970424179,95.25627552889523,106.33392679566803,0.0,29.272023333519076,0.14949258391881343,1260,9
refine_2m,2.0,1058.0,442.0,1146.615890348638,0.9885245901639345,1.0,0.0,0.9885245901639345,0.0,0.0,0.9,0.0,0.0,56.52357369974099,61.34160477413406,89.46027111750895,96.39710169452948,108.08234310178301,0.0,30.00140103256313,0.14543325526932085,1260,9
refine_2m,2.0,1058.0,444.0,1147.3883387938017,0.9885245901639345,1.0,0.0,0.9885245901639345,0.0,0.0,0.9,0.0,0.0,56.506930733676946,61.27494398232542,89.3107923231227,96.20678628781056,107.8045561545292,0.0,29.90617749637493,0.14543325526932085,1260,9
refine_2m,2.0,1058.0,446.0,1148.1637513874055,0.9885245901639345,1.0,0.0,0.9885245901639345,0.0,0.0,0.9,0.0,0.0,56.47737778853002,61.20941645440662,89.163284046047,96.01892525826513,107.5304034156125,0.0,29.811505686835716,0.146448087431694,1260,9
refine_2m,2.0,1058.0,448.0,1148.9421221280033,0.9885245901639345,1.0,0.0,0.9885245901639345,0.0,0.0,0.9,0.0,0.0,56.39212578503107,61.14500603820235,89.01771784970052,95.83348232392933,107.25982712656021,0.0,29.717381094375863,0.146448087431694,1260,9
refine_2m,2.0,1058.0,450.0,1149.7234450075375,0.9885245901639345,1.0,0.0,0.9885245901639345,0.0,0.0,0.9,0.0,0.0,56.36272112074324,61.08169951254956,88.87406582416044,95.65042189050789,106.99277070730031,0.0,29.623803238634192,0.146448087431694,1260,9
refine_2m,2.0,1058.0,452.0,1150.507714011514,0.9885245901639345,1.0,0.0,0.9885245901639345,0.0,0.0,0.9,0.0,0.0,56.34930050731989,61.01948859192186,88.73230057438566,95.46970903556024,106.7291787268139,0.0,29.530769124497212,0.14746291959406713,1260,9
refine_2m,2.0,1058.0,454.0,1151.2949231191806,0.9885245901639345,1.0,0.0,0.9885245901639345,0.0,0.0,0.9,0.0,0.0,56.274103531412116,60.95835319202804,88.59239520875548,95.29130949313067,106.46899687466352,0.0,29.43826890121275,0.14746291959406713,1260,9
refine_2m,2.0,1058.0,456.0,1152.0850663036997,0.9885245901639345,1.0,0.0,0.9885245901639345,0.0,0.0,0.9,0.0,0.0,56.22946764154589,60.89827723828171,88.43170835881065,95.11518963877984,106.21217193334074,0.0,29.34629824613981,0.14746291959406713,1260,9
refine_2m,2.0,1058.0,458.0,1152.878137532324,0.9885245901639345,1.0,0.0,0.9885245901639345,0.0,0.0,0.9,0.0,0.0,56.21849760642604,60.83924524119186,88.17938368780894,94.94131647502991,105.95865175144277,0.0,29.254852881604958,0.1484777517564403,1260,9
