rank,stage,resolution_m,x,y,movement_distance,guaranteed_receive_coverage,possible_receive_coverage,near_area_coverage,direction_available_coverage,clear_ready_coverage,operational_good_coverage,uniform_guaranteed_receive_coverage,uniform_clear_ready_coverage,uniform_operational_good_coverage,worst_diameter_median,worst_diameter_mean,worst_diameter_p90,worst_diameter_p95,worst_diameter_max,unbounded_fraction_of_direction_area,mean_abs_orthogonality_error_deg,orthogonal_80_100_area_coverage,target_sample_count,epsilon_sample_count
1,refine_2m,2.0,690.0,468.0,833.7409669675588,1.0,1.0,0.0,1.0,0.2617486338797814,0.2617486338797814,1.0,0.36666666666666664,0.36666666666666664,70.37245666706671,82.30236091588247,154.72866188125278,166.8132646664184,190.95178691877746,0.0,37.57551666110605,0.09687743950039032,1260,9
2,refine_2m,2.0,690.0,466.0,832.6199613268949,1.0,1.0,0.0,1.0,0.2617486338797814,0.2617486338797814,1.0,0.36666666666666664,0.36666666666666664,70.462572296923,82.47007259286337,155.18820012206336,167.3159359229879,191.67830739663466,0.0,37.67396180253558,0.09687743950039032,1260,9
3,refine_2m,2.0,690.0,464.0,831.5022549578564,1.0,1.0,0.0,1.0,0.2617486338797814,0.2617486338797814,1.0,0.36666666666666664,0.36666666666666664,70.55402147248246,82.63992453712812,155.6525389232236,167.82371374373452,192.4130837493013,0.0,37.77285834893183,0.09607077803799115,1260,9
4,refine_2m,2.0,690.0,462.0,830.3878611829534,1.0,1.0,0.0,1.0,0.2617486338797814,0.2617486338797814,1.0,0.36666666666666664,0.36666666666666664,70.6468226715407,82.81195140011127,156.12174349617894,168.33666626392937,193.15624335985584,0.0,37.872209181118414,0.09463960447567005,1260,9
5,refine_2m,2.0,690.0,460.0,829.2767933567176,1.0,1.0,0.0,1.0,0.2617486338797814,0.2617486338797814,1.0,0.36666666666666664,0.36666666666666664,70.74099470864584,82.98618173113542,156.59588022205992,168.85486282166275,193.90791621718608,0.0,37.97201720468892,0.09463960447567005,1260,9
6,final_refine_1m,1.0,691.0,459.0,829.5553025567373,1.0,1.0,0.0,1.0,0.2617486338797814,0.2617486338797814,1.0,0.36666666666666664,0.36666666666666664,70.66693314073918,82.96566287837797,156.60582597475135,168.87858897432682,193.99418192528498,0.0,37.988844068350915,0.09482175383814728,1260,9
7,final_refine_1m,1.0,690.0,459.0,828.722510856318,1.0,1.0,0.0,1.0,0.2617486338797814,0.2617486338797814,1.0,0.36666666666666664,0.36666666666666664,70.78860076492809,83.07413345216683,156.83481921274355,169.11594961820433,194.28698646386965,0.0,38.02209357808722,0.09383294301327089,1260,9
8,final_refine_1m,1.0,691.0,458.0,829.0024125417248,1.0,1.0,0.0,1.0,0.2617486338797814,0.2617486338797814,1.0,0.36666666666666664,0.36666666666666664,70.71459035197212,83.05389564102586,156.84545317393784,169.14043436944695,194.37458225259644,0.0,38.039030264948344,0.09419724173822534,1260,9
9,final_refine_1m,1.0,689.0,459.0,827.890089323456,1.0,1.0,0.0,1.0,0.2617486338797814,0.2617486338797814,1.0,0.36666666666666664,0.36666666666666664,70.91049738882452,83.18282341428498,157.0640401251425,169.3535321947741,194.58007665518542,0.0,38.05522768927076,0.09365079365079365,1260,9
10,final_refine_1m,1.0,690.0,458.0,828.1690648653812,1.0,1.0,0.0,1.0,0.2617486338797814,0.2617486338797814,1.0,0.36666666666666664,0.36666666666666664,70.83655674256941,83.16264634941305,157.07501667797948,169.3783739845135,194.66823498288417,0.0,38.072285350304156,0.09320843091334895,1260,9
11,final_refine_1m,1.0,691.0,457.0,828.4503606131149,1.0,1.0,0.0,1.0,0.2617486338797814,0.2617486338797814,1.0,0.36666666666666664,0.36666666666666664,70.7625984499305,83.14269321147508,157.0863447952873,169.403623669899,194.75717320616167,0.0,38.089332313151324,0.09419724173822534,1260,9
12,final_refine_1m,1.0,689.0,458.0,827.3360864848094,1.0,1.0,0.0,1.0,0.2617486338797814,0.2617486338797814,1.0,0.36666666666666664,0.36666666666666664,70.95875271858799,83.2716192311986,157.30480841739643,169.61653607307386,194.9621742517194,0.0,38.10542466680985,0.09221962008847255,1260,9
13,final_refine_1m,1.0,690.0,457.0,827.6164570620862,1.0,1.0,0.0,1.0,0.2617486338797814,0.2617486338797814,1.0,0.36666666666666664,0.36666666666666664,70.88486509146202,83.25172787790693,157.31648125621157,169.64214493813245,195.05167878585038,0.0,38.12259289163866,0.09320843091334895,1260,9
14,final_refine_1m,1.0,691.0,456.0,827.8991484474423,1.0,1.0,0.0,1.0,0.2617486338797814,0.2617486338797814,1.0,0.36666666666666664,0.36666666666666664,70.81095989686392,83.23206189189402,157.32850953670305,169.6681659551191,195.1419719354032,0.0,38.13975058538124,0.09339058027582618,1260,9
15,final_refine_1m,1.0,689.0,457.0,826.7829219329582,1.0,1.0,0.0,1.0,0.2617486338797814,0.2617486338797814,1.0,0.36666666666666664,0.36666666666666664,71.00736190637163,83.3609840882658,157.54684651635276,169.88088922344832,195.34647179554227,0.0,38.15573732937378,0.09221962008847255,1260,9
16,final_refine_1m,1.0,690.0,456.0,827.0646891265519,1.0,1.0,0.0,1.0,0.2617486338797814,0.2617486338797814,1.0,0.36666666666666664,0.36666666666666664,70.93352828397994,83.34138048763295,157.55922166404585,169.90727157691222,195.43733506015823,0.0,38.173016573994445,0.09240176945094977,1260,9
17,final_refine_1m,1.0,691.0,455.0,827.3487777231559,1.0,1.0,0.0,1.0,0.2617486338797814,0.2617486338797814,1.0,0.36666666666666664,0.36666666666666664,70.85967717766638,83.32200335045927,157.57195617495847,169.9340703855852,195.528995767392,0.0,38.19028545567662,0.09339058027582618,1260,9
18,final_refine_1m,1.0,689.0,456.0,826.230597351611,1.0,1.0,0.0,1.0,0.2617486338797814,0.2617486338797814,1.0,0.36666666666666664,0.36666666666666664,71.05632743469046,83.45091977902577,157.7901631573524,170.14660076217504,195.7329865120682,0.0,38.20616604833888,0.09221962008847255,1260,9
19,final_refine_1m,1.0,690.0,455.0,826.5137627408269,1.0,1.0,0.0,1.0,0.2617486338797814,0.2617486338797814,1.0,0.36666666666666664,0.36666666666666664,70.98254881523326,83.4316058245165,157.8032466971425,170.17376307989935,195.82522117125038,0.0,38.22355677088973,0.09240176945094977,1260,9
20,final_refine_1m,1.0,691.0,454.0,826.7992501206081,1.0,1.0,0.0,1.0,0.2617486338797814,0.2617486338797814,1.0,0.36666666666666664,0.36666666666666664,70.90875280013287,83.4125209046917,157.8166935666048,170.20134620370308,195.91826220912597,0.0,38.24093729970301,0.09339058027582618,1260,9
21,final_refine_1m,1.0,689.0,455.0,825.6791144264217,1.0,1.0,0.0,1.0,0.2617486338797814,0.2617486338797814,1.0,0.36666666666666664,0.36666666666666664,71.10565180888047,83.54143174823905,158.03476715495904,170.4136798869087,196.1217358051713,0.0,38.25671119669319,0.09141295862607338,1260,9
22,final_refine_1m,1.0,690.0,454.0,825.9636795888788,1.0,1.0,0.0,1.0,0.2617486338797814,0.2617486338797814,1.0,0.36666666666666664,0.36666666666666664,71.03192920332005,83.52241146673579,158.04856523111292,170.44162870825338,196.21535466492912,0.0,38.274213857467,0.09240176945094977,1260,9
23,final_refine_1m,1.0,691.0,453.0,826.2505673220443,1.0,1.0,0.0,1.0,0.2617486338797814,0.2617486338797814,1.0,0.36666666666666664,0.36666666666666664,70.95818929521572,83.50362209479137,158.06273064886275,170.4700027347357,196.30978894987828,0.0,38.291706494762806,0.09258391881342701,1260,9
24,final_refine_1m,1.0,689.0,454.0,825.1284748449783,1.0,1.0,0.0,1.0,0.2617486338797814,0.2617486338797814,1.0,0.36666666666666664,0.36666666666666664,71.1553375573597,83.63252562725977,158.2806674038706,170.6821358775812,196.51273725949903,0.0,38.30737314904631,0.09141295862607338,1260,9
25,final_refine_1m,1.0,690.0,453.0,825.414441356583,1.0,1.0,0.0,1.0,0.2617486338797814,0.2617486338797814,1.0,0.36666666666666664,0.36666666666666664,71.0816719895861,83.61380110902377,158.295186222417,170.71087780616372,196.60775326969025,0.0,38.32498821050297,0.09097059588862867,1260,9
26,final_refine_1m,1.0,689.0,453.0,824.5786802967925,1.0,1.0,0.0,1.0,0.2617486338797814,0.2617486338797814,1.0,0.36666666666666664,0.36666666666666664,71.20538723187587,83.72420320978523,158.52787287981238,170.95197809732466,196.90600864284582,0.0,38.35815228163926,0.09078844652615145,1260,9
27,final_refine_1m,1.0,690.0,452.0,824.8660497317125,1.0,1.0,0.0,1.0,0.2617486338797814,0.2617486338797814,1.0,0.36666666666666664,0.36666666666666664,71.13177973888678,83.70577643220874,158.5431187093051,170.98151980177778,197.00243489912137,0.0,38.37588020841852,0.09097059588862867,1260,9
28,final_refine_1m,1.0,689.0,452.0,824.0297324732888,1.0,1.0,0.0,1.0,0.2617486338797814,0.2617486338797814,1.0,0.36666666666666664,0.36666666666666664,71.25580340778203,83.81646855437187,158.77639264048466,171.2232159934226,197.30156790850384,0.0,38.409048972354434,0.09078844652615145,1260,9
29,final_refine_1m,1.0,690.0,451.0,824.3185064039263,1.0,1.0,0.0,1.0,0.2617486338797814,0.2617486338797814,1.0,0.36666666666666664,0.36666666666666664,71.18225503984678,83.79834366922123,158.79237181272677,171.25356420815035,197.39941765430837,0.0,38.42689023128875,0.09097059588862867,1260,9
30,final_refine_1m,1.0,688.0,452.0,823.1937803457944,1.0,1.0,0.0,1.0,0.2617486338797814,0.2617486338797814,1.0,0.36666666666666664,0.36666666666666664,71.38006013511892,83.92738666669513,159.00989823176675,171.46513796843672,197.60099292958697,0.0,38.44209979891123,0.09141295862607338,1260,9
31,final_refine_1m,1.0,689.0,451.0,823.4816330677935,1.0,1.0,0.0,1.0,0.2617486338797814,0.2617486338797814,1.0,0.36666666666666664,0.36666666666666664,71.30658868429047,83.9093289792883,159.02623582647612,171.49585909823364,197.6994331977192,0.0,38.46006360072567,0.09078844652615145,1260,9
32,final_refine_1m,1.0,690.0,450.0,823.7718130647588,1.0,1.0,0.0,1.0,0.2617486338797814,0.2617486338797814,1.0,0.36666666666666664,0.36666666666666664,71.23310050513281,83.89150813780168,159.04295473730903,171.52702062420414,197.79871982629012,0.0,38.47801866085316,0.09016393442622951,1260,9
33,final_refine_1m,1.0,688.0,451.0,822.6451239750953,1.0,1.0,0.0,1.0,0.2617486338797814,0.2617486338797814,1.0,0.36666666666666664,0.36666666666666664,71.43115598812238,84.02053961293265,159.2603320822342,171.73838033279554,197.99974167992056,0.0,38.49311865158977,0.09141295862607338,1260,9
34,final_refine_1m,1.0,689.0,450.0,822.9343837755231,1.0,1.0,0.0,1.0,0.2617486338797814,0.2617486338797814,1.0,0.36666666666666664,0.36666666666666664,71.35774568474874,84.00278622077212,159.27741166223026,171.769917030175,198.09962284213944,0.0,38.51119654794832,0.09078844652615145,1260,9
35,final_refine_1m,1.0,690.0,449.0,823.2259714076081,1.0,1.0,0.0,1.0,0.2617486338797814,0.2617486338797814,1.0,0.36666666666666664,0.36666666666666664,71.2843187717253,83.98527146941407,159.29990399177345,171.8018987357004,198.2003598985658,0.0,38.52926588052587,0.09016393442622951,1260,9
36,final_refine_1m,1.0,688.0,450.0,822.0973178401691,1.0,1.0,0.0,1.0,0.2617486338797814,0.2617486338797814,1.0,0.36666666666666664,0.36666666666666664,71.48262512702911,84.11428934588065,159.52067341610692,172.0130403446849,198.40081972990927,0.0,38.544255733605226,0.09141295862607338,1260,9
37,final_refine_1m,1.0,689.0,449.0,822.3879862935742,1.0,1.0,0.0,1.0,0.2617486338797814,0.2617486338797814,1.0,0.36666666666666664,0.36666666666666664,71.4092770569101,84.09684351282397,159.54528769860843,172.04539949468094,198.50215536630628,0.0,38.5624481968896,0.09078844652615145,1260,9
38,final_refine_1m,1.0,690.0,448.0,822.6809831277249,1.0,1.0,0.0,1.0,0.2617486338797814,0.2617486338797814,1.0,0.36666666666666664,0.36666666666666664,71.33591250118951,84.07963886589783,159.57034116740357,172.07820831622067,198.60435654961495,0.0,38.58063227540593,0.09016393442622951,1260,9
39,final_refine_1m,1.0,688.0,449.0,821.5503636418159,1.0,1.0,0.0,1.0,0.2617486338797814,0.2617486338797814,1.0,0.36666666666666664,0.36666666666666664,71.53447021037994,84.20864336786863,159.7909259337427,172.28912772924303,198.8042456452168,0.0,38.59551142726754,0.09141295862607338,1260,9
40,final_refine_1m,1.0,689.0,448.0,821.842442320911,1.0,1.0,0.0,1.0,0.2617486338797814,0.2617486338797814,1.0,0.36666666666666664,0.36666666666666664,71.46118547320924,84.19150879804005,159.81638928425076,172.3223162851944,198.9070494902234,0.0,38.613818932098745,0.09078844652615145,1260,9
41,final_refine_1m,1.0,688.0,448.0,821.00426308272,1.0,1.0,0.0,1.0,0.2617486338797814,0.2617486338797814,1.0,0.36666666666666664,0.36666666666666664,71.58669392149095,84.30360593641684,160.062692626668,172.56665229980024,199.2100381874082,0.0,38.64688611656575,0.09141295862607338,1260,9
42,final_refine_1m,1.0,689.0,447.0,821.2977535583548,1.0,1.0,0.0,1.0,0.2617486338797814,0.2617486338797814,1.0,0.36666666666666664,0.36666666666666664,71.5134736310427,84.28678458172216,160.08901283573815,172.60067728417062,199.3143241319041,0.0,38.66530913981752,0.09016393442622951,1260,9
43,final_refine_1m,1.0,688.0,447.0,820.4590178674374,1.0,1.0,0.0,1.0,0.2617486338797814,0.2617486338797814,1.0,0.36666666666666664,0.36666666666666664,71.63929896873606,84.39917881323622,160.33598469334842,172.8456239588839,199.61821631654664,0.0,38.6983801871785,0.09078844652615145,1260,9
44,final_refine_1m,1.0,689.0,446.0,820.7539217085715,1.0,1.0,0.0,1.0,0.2617486338797814,0.2617486338797814,1.0,0.36666666666666664,0.36666666666666664,71.56614425305314,84.3826733197321,160.36316963503035,172.88049246408153,199.72399841001996,0.0,38.71691920799067,0.09016393442622951,1260,9
45,final_refine_1m,1.0,688.0,446.0,819.9146297023856,1.0,1.0,0.0,1.0,0.2617486338797814,0.2617486338797814,1.0,0.36666666666666664,0.36666666666666664,71.69228808583208,84.49536853075247,160.61081344151418,173.12605269924296,200.02879919380922,0.0,38.74999402648437,0.09078844652615145,1260,9
46,final_refine_1m,1.0,689.0,445.0,820.2109484760613,1.0,1.0,0.0,1.0,0.2617486338797814,0.2617486338797814,1.0,0.36666666666666664,0.36666666666666664,71.61920008741616,84.47918309029373,160.63887107443406,173.1617718884556,200.13609164654895,0.0,38.76864952627649,0.09016393442622951,1260,9
47,final_refine_0p5m,0.5,689.0,444.5,819.9397843744381,1.0,1.0,0.0,1.0,0.2617486338797814,0.2617486338797814,1.0,0.36666666666666664,0.36666666666666664,71.64587332508789,84.52767200428607,160.77730462477223,173.30342084166236,200.34305146859785,0.0,38.794559901451045,0.09016393442622951,1260,9
48,final_refine_1m,1.0,688.0,445.0,819.3711002958305,1.0,1.0,0.0,1.0,0.2617486338797814,0.2617486338797814,1.0,0.36666666666666664,0.36666666666666664,71.74566403212404,84.59218058440138,160.88719028950325,173.4108895323391,200.441806184174,0.0,38.80172802357255,0.09078844652615145,1260,9
49,final_refine_0p5m,0.5,688.5,444.5,819.5196763958752,1.0,1.0,0.0,1.0,0.2617486338797814,0.2617486338797814,1.0,0.36666666666666664,0.36666666666666664,71.70915593337655,84.58421619998087,160.90160152484327,173.4370952818487,200.4961007571095,0.0,38.81111515130811,0.09016393442622951,1260,9
50,final_refine_0p5m,0.5,689.0,444.0,819.6688355671454,1.0,1.0,0.0,1.0,0.2617486338797814,0.2617486338797814,1.0,0.36666666666666664,0.36666666666666664,71.67264390813108,84.5763175406607,160.91612865793277,173.4634490479081,200.55062336949467,0.0,38.8205004860575,0.09016393442622951,1260,9
51,final_refine_0p5m,0.5,688.0,444.5,819.0996581613254,1.0,1.0,0.0,1.0,0.2617486338797814,0.2617486338797814,1.0,0.36666666666666664,0.36666666666666664,71.77249793559697,84.64082053982702,161.02596284973774,173.5708375607906,200.64922482971224,0.0,38.82764020334573,0.09078844652615145,1260,9
52,final_refine_0p5m,0.5,688.5,444.0,819.2485886469381,1.0,1.0,0.0,1.0,0.2617486338797814,0.2617486338797814,1.0,0.36666666666666664,0.36666666666666664,71.7360070149339,84.63293751295323,161.0405954557004,173.5973124312247,200.7039026614682,0.0,38.83705665114426,0.09016393442622951,1260,9
53,final_refine_0p5m,0.5,689.0,443.5,819.398102267756,1.0,1.0,0.0,1.0,0.2617486338797814,0.2617486338797814,1.0,0.36666666666666664,0.36666666666666664,71.6995121873787,84.6251192964291,161.05534462959577,173.62393616465644,200.75880982288098,0.0,38.84647132928986,0.09016393442622951,1260,9
54,final_refine_0p5m,0.5,687.5,444.5,818.6797298089161,1.0,1.0,0.0,1.0,0.2617486338797814,0.2617486338797814,1.0,0.36666666666666664,0.36666666666666664,71.83589931996175,84.69747986426708,161.15038859996034,173.70464768059585,200.80242369179047,0.0,38.844135069266905,0.09078844652615145,1260,9
55,final_refine_0p5m,0.5,688.0,444.0,818.8284313578761,1.0,1.0,0.0,1.0,0.2617486338797814,0.2617486338797814,1.0,0.36666666666666664,0.36666666666666664,71.79942959288582,84.68961668037682,161.16512676761013,173.73124375283993,200.8572568591124,0.0,38.85358256925344,0.09078844652615145,1260,9
56,final_refine_0p5m,0.5,688.5,443.5,818.9777164245679,1.0,1.0,0.0,1.0,0.2617486338797814,0.2617486338797814,1.0,0.36666666666666664,0.36666666666666664,71.76295599755437,84.68181618670302,161.17998176400252,173.75798899635436,200.9123197733746,0.0,38.86302839797614,0.09016393442622951,1260,9
57,final_refine_0p5m,0.5,689.0,443.0,819.1275846899554,1.0,1.0,0.0,1.0,0.2617486338797814,0.2617486338797814,1.0,0.36666666666666664,0.36666666666666664,71.72647851531656,84.67407876813131,161.19495400258444,173.78488395450918,200.96761331562257,0.0,38.872472480451236,0.09016393442622951,1260,9
58,final_refine_0p5m,0.5,687.5,444.0,818.4083638380048,1.0,1.0,0.0,1.0,0.2617486338797814,0.2617486338797814,1.0,0.36666666666666664,0.36666666666666664,71.862911630155,84.7463531662677,161.2897225941847,173.86524301489814,201.0106859678553,0.0,38.870078252124245,0.09078844652615145,1260,9
59,final_refine_0p5m,0.5,688.0,443.5,818.557420099531,1.0,1.0,0.0,1.0,0.2617486338797814,0.2617486338797814,1.0,0.36666666666666664,0.36666666666666664,71.82645935624991,84.73857035321345,161.30468350212246,173.89210986619722,201.06590475152967,0.0,38.8795551704177,0.09078844652615145,1260,9
60,final_refine_0p5m,0.5,688.5,443.0,818.7070599426879,1.0,1.0,0.0,1.0,0.2617486338797814,0.2617486338797814,1.0,0.36666666666666664,0.36666666666666664,71.79000323444038,84.73085277808336,161.31976191424647,173.91912674184144,201.12135458246348,0.0,38.889030441070936,0.09016393442622951,1260,9
61,final_refine_0p5m,0.5,687.5,443.5,818.1372134306079,1.0,1.0,0.0,1.0,0.2617486338797814,0.2617486338797814,1.0,0.36666666666666664,0.36666666666666664,71.89002225158647,84.79538418724071,161.42944984450534,174.02629877636187,201.21956476280593,0.0,38.896051658390014,0.09078844652615145,1260,9
62,final_refine_0p5m,0.5,688.0,443.0,818.2866246004513,1.0,1.0,0.0,1.0,0.2617486338797814,0.2617486338797814,1.0,0.36666666666666664,0.36666666666666664,71.85358757960543,84.78768275964278,161.44463451945472,174.05343766746782,201.2751709993631,0.0,38.90555805606944,0.09078844652615145,1260,9
63,final_refine_0p5m,0.5,688.5,442.5,818.4366194153338,1.0,1.0,0.0,1.0,0.2617486338797814,0.2617486338797814,1.0,0.36666666666666664,0.36666666666666664,71.81714908045412,84.78004742668851,161.45993737814106,174.08072744124013,201.33100959169823,0.0,38.9150628298052,0.09016393442622951,1260,9
64,final_refine_0p5m,0.5,687.5,443.0,817.8662788011253,1.0,1.0,0.0,1.0,0.2617486338797814,0.2617486338797814,1.0,0.36666666666666664,0.36666666666666664,71.91723153888648,84.84457253777659,161.56957181877812,174.18781673359842,201.42906257181932,0.0,38.92205533725854,0.09078844652615145,1260,9
65,final_refine_0p5m,0.5,688.0,442.5,818.0160450749117,1.0,1.0,0.0,1.0,0.2617486338797814,0.2617486338797814,1.0,0.36666666666666664,0.36666666666666664,71.88081461853477,84.83695438015134,161.5849812929923,174.21522893221822,201.48505810836926,0.0,38.93159127554884,0.09016393442622951,1260,9
66,final_refine_0p5m,0.5,688.5,442.0,818.1663950566535,1.0,1.0,0.0,1.0,0.2617486338797814,0.2617486338797814,1.0,0.36666666666666664,0.36666666666666664,71.8443938921323,84.82940072307672,161.60050963464562,174.24279287711522,201.54128731745297,0.0,38.941125613665214,0.09016393442622951,1260,9
67,final_refine_0p5m,0.5,687.5,442.5,817.5955601640703,1.0,1.0,0.0,1.0,0.2617486338797814,0.2617486338797814,1.0,0.36666666666666664,0.36666666666666664,71.94453984835633,84.89391963183007,161.7100899920714,174.3497986641867,201.6391819034423,0.0,38.94808933803331,0.09078844652615145,1260,9
68,final_refine_0p5m,0.5,688.0,442.0,817.745681737299,1.0,1.0,0.0,1.0,0.2617486338797814,0.2617486338797814,1.0,0.36666666666666664,0.36666666666666664,71.9081408302956,84.88638528294949,161.72572530338525,174.3774854450326,201.69556859772436,0.0,38.95765487830571,0.09016393442622951,1260,9
69,final_refine_0p5m,0.5,688.5,441.5,817.8963870809065,1.0,1.0,0.0,1.0,0.2617486338797814,0.2617486338797814,1.0,0.36666666666666664,0.36666666666666664,71.87173802769647,84.87891368502795,161.74148017000394,174.40532484108238,201.75219028960913,0.0,38.96721884224726,0.09016393442622951,1260,9
70,final_refine_0p5m,0.5,687.0,442.5,817.1751648208602,1.0,1.0,0.0,1.0,0.2617486338797814,0.2617486338797814,1.0,0.36666666666666664,0.36666666666666664,72.00832475795707,84.95094375590807,161.8352634760036,174.48443663940316,201.7933809824825,0.0,38.96455702921684,0.09078844652615145,1260,9
71,final_refine_0p5m,0.5,687.5,442.0,817.3250577340694,1.0,1.0,0.0,1.0,0.2617486338797814,0.2617486338797814,1.0,0.36666666666666664,0.36666666666666664,71.97194753797967,84.94342634520197,161.85100584672944,174.51224635473483,201.84992527965488,0.0,38.97415371012736,0.09078844652615145,1260,9
72,final_refine_0p5m,0.5,688.0,441.5,817.4755348021126,1.0,1.0,0.0,1.0,0.2617486338797814,0.2617486338797814,1.0,0.36666666666666664,0.36666666666666664,71.93556657383446,84.93597597914312,161.8668680385833,174.54020899956123,201.9067050001271,0.0,38.983748913899824,0.09016393442622951,1260,9
73,final_refine_0p5m,0.5,688.5,441.0,817.6265957024636,1.0,1.0,0.0,1.0,0.2617486338797814,0.2617486338797814,1.0,0.36666666666666664,0.36666666666666664,71.89918184705732,84.92858779028668,161.88285047781497,174.56832513388895,201.96372105164355,0.0,38.99334256525805,0.09016393442622951,1260,9
74,final_refine_0p5m,0.5,687.0,442.0,816.9045231849313,1.0,1.0,0.0,1.0,0.2617486338797814,0.2617486338797814,1.0,0.36666666666666664,0.36666666666666664,72.03581400317259,85.00052785304072,161.97635126532418,174.6470756085104,202.00435736884904,0.0,38.99062212112524,0.09078844652615145,1260,9
75,final_refine_0p5m,0.5,687.5,441.5,817.0547717258618,1.0,1.0,0.0,1.0,0.2617486338797814,0.2617486338797814,1.0,0.36666666666666664,0.36666666666666664,71.99945496742463,84.99309413232224,161.99232087240335,174.6751616009289,202.06129523597838,0.0,39.00024850306353,0.09078844652615145,1260,9
76,final_refine_0p5m,0.5,688.0,441.0,817.2056044839634,1.0,1.0,0.0,1.0,0.2617486338797814,0.2617486338797814,1.0,0.36666666666666664,0.36666666666666664,71.96309220979128,84.98572633080443,162.00841099389004,174.70340139859522,202.1184698618982,0.0,39.009873432001214,0.09016393442622951,1260,9
77,final_refine_0p5m,0.5,688.5,440.5,817.3570211358069,1.0,1.0,0.0,1.0,0.2617486338797814,0.2617486338797814,1.0,0.36666666666666664,0.36666666666666664,71.9267257118311,84.97842301200926,162.0246220590453,174.73179556544633,202.1758821607206,0.0,39.019496832515024,0.09016393442622951,1260,9
78,final_refine_0p5m,0.5,687.0,441.5,816.6340979900361,1.0,1.0,0.0,1.0,0.2617486338797814,0.2617486338797814,1.0,0.36666666666666664,0.36666666666666664,72.06340319640942,85.05027159198828,162.11783867213475,174.8101826475039,202.215961002813,0.0,39.016717621770475,0.09078844652615145,1260,9
79,final_refine_0p5m,0.5,687.5,441.0,816.7847023542985,1.0,1.0,0.0,1.0,0.2617486338797814,0.2617486338797814,1.0,0.36666666666666664,0.36666666666666664,72.0270624980625,85.04292258103229,162.1340365661044,174.83854620760562,202.27329432157293,0.0,39.02637376647489,0.09078844652615145,1260,9
80,final_refine_0p5m,0.5,688.0,440.5,816.9358909975739,1.0,1.0,0.0,1.0,0.2617486338797814,0.2617486338797814,1.0,0.36666666666666664,0.36666666666666664,71.99071810051336,85.03563773209675,162.1503556719944,174.86706445410226,202.33086574304906,0.0,39.036028482390606,0.09016393442622951,1260,9
81,final_refine_0p5m,0.5,687.0,441.0,816.3638894512667,1.0,1.0,0.0,1.0,0.2617486338797814,0.2617486338797814,1.0,0.36666666666666664,0.36666666666666664,72.09109269976545,85.10017618950117,162.25972719515326,174.97375956326553,202.42819443635884,0.0,39.04284358074825,0.09078844652615145,1260,9
82,final_refine_0p5m,0.5,687.5,440.5,816.5148498343432,1.0,1.0,0.0,1.0,0.2617486338797814,0.2617486338797814,1.0,0.36666666666666664,0.36666666666666664,72.05477049297268,85.09291228531768,162.27615443224244,175.00240198878754,202.48592509930228,0.0,39.052529550105056,0.09078844652615145,1260,9
83,final_refine_0p5m,0.5,688.0,440.0,816.6663945577778,1.0,1.0,0.0,1.0,0.2617486338797814,0.2617486338797814,1.0,0.36666666666666664,0.36666666666666664,72.01844461006105,85.08571120477575,162.29270358302767,175.03119998730932,202.54389521739247,0.0,39.06221411495968,0.09016393442622951,1260,9
84,final_refine_0p5m,0.5,687.0,440.5,816.0938977838273,1.0,1.0,0.0,1.0,0.2617486338797814,0.2617486338797814,1.0,0.36666666666666664,0.36666666666666664,72.11888287705379,85.15024306577605,162.4020183405106,175.1378081718831,202.64106023521444,0.0,39.06900004776474,0.09078844652615145,1260,9
85,final_refine_0p5m,0.5,687.5,440.0,816.2452143810707,1.0,1.0,0.0,1.0,0.2617486338797814,0.2617486338797814,1.0,0.36666666666666664,0.36666666666666664,72.08257931694952,85.14306323864457,162.41867598267666,175.1667307677734,202.69919014585233,0.0,39.078715903808536,0.09016393442622951,1260,9
86,final_refine_0p5m,0.5,688.0,439.5,816.3971153795192,1.0,1.0,0.0,1.0,0.2617486338797814,0.2617486338797814,1.0,0.36666666666666664,0.36666666666666664,72.04627210422422,85.13594766001562,162.43545624461274,175.19580982874328,202.75756087263275,0.0,39.08843037971149,0.09016393442622951,1260,9
87,final_refine_0p5m,0.5,687.0,440.0,815.8241232030344,1.0,1.0,0.0,1.0,0.2617486338797814,0.2617486338797814,1.0,0.36666666666666664,0.36666666666666664,72.14677409380705,85.20047232834999,162.54471362180158,175.30233029871482,202.85456097894064,0.0,39.09518707263692,0.09078844652615145,1260,9
88,final_refine_0p5m,0.5,687.5,439.5,815.975796209667,1.0,1.0,0.0,1.0,0.2617486338797814,0.2617486338797814,1.0,0.36666666666666664,0.36666666666666664,72.11048933652182,85.19337635818133,162.561602736767,175.3315343771598,202.91309205180912,0.0,39.104932877551065,0.09016393442622951,1260,9
89,final_refine_0p5m,0.5,688.0,439.0,816.1280536778527,1.0,1.0,0.0,1.0,0.2617486338797814,0.2617486338797814,1.0,0.36666666666666664,0.36666666666666664,72.07420095052261,85.18634696685902,162.57861518189557,175.3608958182919,202.97186531045182,0.0,39.11467732676076,0.09016393442622951,1260,9
90,final_refine_0p5m,0.5,687.0,439.5,815.5545659243163,1.0,1.0,0.0,1.0,0.2617486338797814,0.2617486338797814,1.0,0.36666666666666664,0.36666666666666664,72.17476671728939,85.25086424724114,162.68781456011453,175.46732777844383,203.06869926101092,0.0,39.121404705292896,0.09078844652615145,1260,9
91,final_refine_0p5m,0.5,687.5,439.0,815.7065955354291,1.0,1.0,0.0,1.0,0.2617486338797814,0.2617486338797814,1.0,0.36666666666666664,0.36666666666666664,72.13850091995269,85.24385252907948,162.70493622140475,175.49681465893673,203.12763342176757,0.0,39.13118052141001,0.09016393442622951,1260,9
92,final_refine_0p5m,0.5,688.0,438.5,815.8592096679427,1.0,1.0,0.0,1.0,0.2617486338797814,0.2617486338797814,1.0,0.36666666666666664,0.36666666666666664,72.10223151822431,85.23690969395325,162.72218192760545,175.526459805276,203.1868111466098,0.0,39.14095500633428,0.09016393442622951,1260,9
93,final_refine_0p5m,0.5,687.0,439.0,815.2852261632122,1.0,1.0,0.0,1.0,0.2617486338797814,0.2617486338797814,1.0,0.36666666666666664,0.36666666666666664,72.2028611165077,85.30141917006199,162.83132268409125,175.63280245515082,203.2834776889194,0.0,39.14765299577227,0.09078844652615145,1260,9
94,final_refine_0p5m,0.5,687.5,438.5,815.437612573764,1.0,1.0,0.0,1.0,0.2617486338797814,0.2617486338797814,1.0,0.36666666666666664,0.36666666666666664,72.16661443725603,85.2944934983354,162.8486779710728,175.66257346452065,203.3428168743995,0.0,39.157458885574655,0.09016393442622951,1260,9
95,final_refine_0p5m,0.5,687.0,438.5,815.0161041353723,1.0,1.0,0.0,1.0,0.2617486338797814,0.2617486338797814,1.0,0.36666666666666664,0.36666666666666664,72.23105766222118,85.35213732078245,162.97523952997528,175.79875618235178,203.4988988842735,0.0,39.17393199422649,0.09078844652615145,1260,9
96,final_refine_0p5m,0.5,687.5,438.0,815.1688475401891,1.0,1.0,0.0,1.0,0.2617486338797814,0.2617486338797814,1.0,0.36666666666666664,0.36666666666666664,72.19483026020028,85.34529876673592,162.99282952788855,175.82881265482987,203.55864504258184,0.0,39.183768020346605,0.09016393442622951,1260,9
97,final_refine_0p5m,0.5,687.0,438.0,814.7472000565574,1.0,1.0,0.0,1.0,0.2617486338797814,0.2617486338797814,1.0,0.36666666666666664,0.36666666666666664,72.25935672694894,85.40301994365494,163.11956664164651,175.9651908230822,203.71496548287604,0.0,39.20024175091923,0.09078844652615145,1260,9
98,final_refine_0p5m,0.5,687.5,437.5,814.9003006503311,1.0,1.0,0.0,1.0,0.2617486338797814,0.2617486338797814,1.0,0.36666666666666664,0.36666666666666664,72.2231487623293,85.39626891750942,163.1373924416564,175.9955341003388,203.77512057346854,0.0,39.21010797614012,0.09016393442622951,1260,9
99,final_refine_0p5m,0.5,687.0,437.5,814.4785141426383,1.0,1.0,0.0,1.0,0.2617486338797814,0.2617486338797814,1.0,0.36666666666666664,0.36666666666666664,72.287758684986,85.45406835318818,163.26430557068093,176.1321082499427,203.9316801348464,0.0,39.22658231622669,0.09016393442622951,1260,9
100,final_refine_0p5m,0.5,687.5,437.0,814.6319721199261,1.0,1.0,0.0,1.0,0.2617486338797814,0.2617486338797814,1.0,0.36666666666666664,0.36666666666666664,72.25157031895907,85.44740396578783,163.2823682699002,176.1627396811438,203.99224612859703,0.0,39.23647880348248,0.09016393442622951,1260,9
