x,y,movement_distance,area_weighted_coverage,uniform_r_alpha_coverage,area_rank,uniform_rank
690.0,450.0,823.7718130647588,0.2617486338797814,0.36666666666666664,1,1277
550.0,400.0,680.0735254367721,0.22568306010928962,0.4666666666666667,4053,1
690.0,460.0,829.2767933567176,0.2617486338797814,0.36666666666666664,2,1278
550.0,450.0,710.6335201775947,0.22568306010928962,0.4666666666666667,4054,2
688.0,442.0,817.745681737299,0.2617486338797814,0.36666666666666664,3,1280
550.0,500.0,743.3034373659252,0.21420765027322405,0.45,4066,3
688.0,444.0,818.8284313578761,0.2617486338797814,0.36666666666666664,4,1281
550.0,550.0,777.8174593052023,0.21420765027322405,0.45,4067,4
688.0,446.0,819.9146297023856,0.2617486338797814,0.36666666666666664,5,1282
500.0,450.0,672.6812023536855,0.21020036429872496,0.4492063492063492,4072,5
688.0,448.0,821.00426308272,0.2617486338797814,0.36666666666666664,6,1283
500.0,400.0,640.3124237432849,0.2087431693989071,0.44761904761904764,4075,6
688.0,450.0,822.0973178401691,0.2617486338797814,0.36666666666666664,7,1284
500.0,350.0,610.3277807866851,0.20437158469945355,0.44285714285714284,4079,7
688.0,452.0,823.1937803457944,0.2617486338797814,0.36666666666666664,8,1285
600.0,450.0,750.0,0.24173822534478273,0.4373015873015873,3495,8
690.0,448.0,822.6809831277249,0.2617486338797814,0.36666666666666664,9,1286
500.0,300.0,583.09518948453,0.1970856102003643,0.43492063492063493,4088,9
690.0,452.0,824.8660497317125,0.2617486338797814,0.36666666666666664,10,1287
550.0,600.0,813.9410298049853,0.19986989331251626,0.43492063492063493,4083,10
690.0,454.0,825.9636795888788,0.2617486338797814,0.36666666666666664,11,1288
550.0,350.0,651.9202405202649,0.22404371584699453,0.43333333333333335,4057,11
690.0,456.0,827.0646891265519,0.2617486338797814,0.36666666666666664,12,1289
550.0,650.0,851.46931829632,0.19836065573770492,0.43333333333333335,4086,12
690.0,458.0,828.1690648653812,0.2617486338797814,0.36666666666666664,13,1290
600.0,550.0,813.9410298049853,0.226775956284153,0.43333333333333335,4051,13
690.0,462.0,830.3878611829534,0.2617486338797814,0.36666666666666664,14,1291
500.0,500.0,707.1067811865476,0.19763205828779598,0.4301587301587302,4087,14
690.0,464.0,831.5022549578564,0.2617486338797814,0.36666666666666664,15,1292
600.0,600.0,848.5281374238571,0.22505854800936767,0.4301587301587302,4056,15
690.0,466.0,832.6199613268949,0.2617486338797814,0.36666666666666664,16,1293
500.0,550.0,743.3034373659252,0.18961748633879782,0.42142857142857143,4094,16
690.0,468.0,833.7409669675588,0.2617486338797814,0.36666666666666664,17,1294
450.0,450.0,636.3961030678928,0.18548009367681498,0.42063492063492064,4100,17
686.0,430.0,809.627074646099,0.2617486338797814,0.36666666666666664,18,1418
600.0,400.0,721.1102550927978,0.24077543585740308,0.41984126984126985,3563,18
688.0,440.0,816.6663945577778,0.2617486338797814,0.36666666666666664,19,1423
450.0,400.0,602.0797289396148,0.18407494145199063,0.41904761904761906,4106,19
687.0,434.0,812.603839518372,0.2617486338797814,0.36666666666666664,20,1442
600.0,500.0,781.0249675906655,0.22513661202185792,0.4166666666666667,4055,20
687.0,435.0,813.1383646096155,0.2617486338797814,0.36666666666666664,21,1443
500.0,600.0,781.0249675906655,0.18524590163934426,0.4166666666666667,4101,21
687.0,436.0,813.6737675506075,0.2617486338797814,0.36666666666666664,22,1444
450.0,350.0,570.087712549569,0.1819672131147541,0.4166666666666667,4111,22
687.0,437.0,814.2100466095957,0.2617486338797814,0.36666666666666664,23,1445
500.0,650.0,820.0609733428363,0.18524590163934426,0.4166666666666667,4102,23
687.0,438.0,814.7472000565574,0.2617486338797814,0.36666666666666664,24,1446
550.0,700.0,890.2246907382428,0.1830601092896175,0.4166666666666667,4108,24
687.0,439.0,815.2852261632122,0.2617486338797814,0.36666666666666664,25,1447
550.0,750.0,930.0537618869137,0.1830601092896175,0.4166666666666667,4109,25
687.0,440.0,815.8241232030344,0.2617486338797814,0.36666666666666664,26,1448
630.0,480.0,792.0227269466451,0.24918032786885247,0.4166666666666667,2202,26
687.0,441.0,816.3638894512667,0.2617486338797814,0.36666666666666664,27,1449
630.0,474.0,788.4009132414802,0.24918032786885247,0.4166666666666667,2235,27
687.0,442.0,816.9045231849313,0.2617486338797814,0.36666666666666664,28,1450
630.0,476.0,789.6049645234001,0.24918032786885247,0.4166666666666667,2237,28
688.0,439.0,816.1280536778527,0.2617486338797814,0.36666666666666664,29,1451
630.0,478.0,790.8122406741059,0.24918032786885247,0.4166666666666667,2240,29
688.0,441.0,817.2056044839634,0.2617486338797814,0.36666666666666664,30,1452
630.0,475.0,789.002534850174,0.24918032786885247,0.4166666666666667,2245,30
688.0,443.0,818.2866246004513,0.2617486338797814,0.36666666666666664,31,1453
630.0,477.0,790.2082004130303,0.24918032786885247,0.4166666666666667,2246,31
688.0,445.0,819.3711002958305,0.2617486338797814,0.36666666666666664,32,1454
630.0,479.0,791.417083464844,0.24918032786885247,0.4166666666666667,2247,32
688.0,447.0,820.4590178674374,0.2617486338797814,0.36666666666666664,33,1455
631.0,480.0,792.8183903013351,0.24918032786885247,0.4166666666666667,2248,33
688.0,449.0,821.5503636418159,0.2617486338797814,0.36666666666666664,34,1456
630.0,473.5,788.100406039738,0.24918032786885247,0.4166666666666667,2249,34
688.0,451.0,822.6451239750953,0.2617486338797814,0.36666666666666664,35,1457
630.0,474.5,788.7016229221289,0.24918032786885247,0.4166666666666667,2250,35
689.0,443.0,819.1275846899554,0.2617486338797814,0.36666666666666664,36,1458
630.0,475.5,789.3036487943027,0.24918032786885247,0.4166666666666667,2251,36
689.0,444.0,819.6688355671454,0.2617486338797814,0.36666666666666664,37,1459
630.0,476.5,789.9064818065491,0.24918032786885247,0.4166666666666667,2252,37
689.0,445.0,820.2109484760613,0.2617486338797814,0.36666666666666664,38,1460
630.0,477.5,790.5101201123234,0.24918032786885247,0.4166666666666667,2253,38
689.0,446.0,820.7539217085715,0.2617486338797814,0.36666666666666664,39,1461
630.0,478.5,791.1145618682543,0.24918032786885247,0.4166666666666667,2254,39
689.0,447.0,821.2977535583548,0.2617486338797814,0.36666666666666664,40,1462
630.0,479.5,791.7198052341497,0.24918032786885247,0.4166666666666667,2255,40
689.0,448.0,821.842442320911,0.2617486338797814,0.36666666666666664,41,1463
630.5,476.5,790.3053207463556,0.24918032786885247,0.4166666666666667,2256,41
689.0,449.0,822.3879862935742,0.2617486338797814,0.36666666666666664,42,1464
630.5,477.0,790.6068871443,0.24918032786885247,0.4166666666666667,2257,42
689.0,450.0,822.9343837755231,0.2617486338797814,0.36666666666666664,43,1465
630.5,477.5,790.9086546498274,0.24918032786885247,0.4166666666666667,2258,43
689.0,451.0,823.4816330677935,0.2617486338797814,0.36666666666666664,44,1466
630.5,478.0,791.2106230328307,0.24918032786885247,0.4166666666666667,2259,44
689.0,452.0,824.0297324732888,0.2617486338797814,0.36666666666666664,45,1467
630.5,478.5,791.5127920634005,0.24918032786885247,0.4166666666666667,2260,45
689.0,453.0,824.5786802967925,0.2617486338797814,0.36666666666666664,46,1468
630.5,479.0,791.8151615118265,0.24918032786885247,0.4166666666666667,2261,46
689.0,454.0,825.1284748449783,0.2617486338797814,0.36666666666666664,47,1469
630.5,479.5,792.1177311485964,0.24918032786885247,0.4166666666666667,2262,47
689.0,455.0,825.6791144264217,0.2617486338797814,0.36666666666666664,48,1470
630.5,480.0,792.4205007443965,0.24918032786885247,0.4166666666666667,2263,48
689.0,456.0,826.230597351611,0.2617486338797814,0.36666666666666664,49,1471
631.0,479.5,792.5157727137045,0.24918032786885247,0.4166666666666667,2264,49
689.0,457.0,826.7829219329582,0.2617486338797814,0.36666666666666664,50,1472
450.0,300.0,540.8326913195984,0.18129065833983868,0.4158730158730159,4114,50
689.0,458.0,827.3360864848094,0.2617486338797814,0.36666666666666664,51,1473
630.0,473.0,787.8001015486099,0.24902419984387197,0.4158730158730159,2275,51
689.0,459.0,827.890089323456,0.2617486338797814,0.36666666666666664,52,1474
631.0,479.0,792.2133551007582,0.24902419984387197,0.4158730158730159,2276,52
690.0,449.0,823.2259714076081,0.2617486338797814,0.36666666666666664,53,1475
630.0,472.5,787.5,0.24902419984387197,0.4158730158730159,2277,53
690.0,451.0,824.3185064039263,0.2617486338797814,0.36666666666666664,54,1476
630.5,475.5,789.7027921946332,0.24902419984387197,0.4158730158730159,2278,54
690.0,453.0,825.414441356583,0.2617486338797814,0.36666666666666664,55,1477
630.5,476.0,790.003955686299,0.24902419984387197,0.4158730158730159,2279,55
690.0,455.0,826.5137627408269,0.2617486338797814,0.36666666666666664,56,1478
631.0,478.5,791.9111376915973,0.24902419984387197,0.4158730158730159,2280,56
690.0,457.0,827.6164570620862,0.2617486338797814,0.36666666666666664,57,1479
630.0,472.0,787.2001016260097,0.24886807181889148,0.4150793650793651,2303,57
690.0,459.0,828.722510856318,0.2617486338797814,0.36666666666666664,58,1480
631.0,478.0,791.6091207155208,0.24886807181889148,0.4150793650793651,2304,58
691.0,453.0,826.2505673220443,0.2617486338797814,0.36666666666666664,59,1481
630.0,471.5,786.9004066589367,0.24886807181889148,0.4150793650793651,2305,59
691.0,454.0,826.7992501206081,0.2617486338797814,0.36666666666666664,60,1482
630.5,474.5,789.1010708394712,0.24886807181889148,0.4150793650793651,2306,60
691.0,455.0,827.3487777231559,0.2617486338797814,0.36666666666666664,61,1483
630.5,475.0,789.401830502058,0.24886807181889148,0.4150793650793651,2307,61
691.0,456.0,827.8991484474423,0.2617486338797814,0.36666666666666664,62,1484
631.0,477.5,791.3073044020256,0.24886807181889148,0.4150793650793651,2308,62
691.0,457.0,828.4503606131149,0.2617486338797814,0.36666666666666664,63,1485
630.0,471.0,786.6009153312752,0.248711943793911,0.4142857142857143,2333,63
691.0,458.0,829.0024125417248,0.2617486338797814,0.36666666666666664,64,1486
631.0,477.0,791.0056889808062,0.248711943793911,0.4142857142857143,2334,64
691.0,459.0,829.5553025567373,0.2617486338797814,0.36666666666666664,65,1487
630.5,474.0,788.8005134379667,0.248711943793911,0.4142857142857143,2335,65
686.0,429.5,809.3616311637215,0.2617486338797814,0.36666666666666664,66,1488
631.5,480.0,793.2163954432611,0.248711943793911,0.4142857142857143,2336,66
686.0,430.5,809.892739811884,0.2617486338797814,0.36666666666666664,67,1489
630.0,470.0,786.0025445251434,0.24855581576893052,0.41349206349206347,2496,67
686.5,431.5,810.8480128852756,0.2617486338797814,0.36666666666666664,68,1490
631.0,476.0,790.4030617349606,0.24855581576893052,0.41349206349206347,2497,68
686.5,432.0,811.1142028099372,0.2617486338797814,0.36666666666666664,69,1491
630.0,470.5,786.3016278757154,0.24855581576893052,0.41349206349206347,2498,69
686.5,432.5,811.3806135224085,0.2617486338797814,0.36666666666666664,70,1492
630.5,473.0,788.2000063435676,0.24855581576893052,0.41349206349206347,2499,70
686.5,433.0,811.6472448052787,0.2617486338797814,0.36666666666666664,71,1493
630.5,473.5,788.5001585288363,0.24855581576893052,0.41349206349206347,2500,71
686.5,433.5,811.914096441243,0.2617486338797814,0.36666666666666664,72,1494
631.0,476.5,790.7042746817548,0.24855581576893052,0.41349206349206347,2501,72
686.5,434.0,812.1811682131025,0.2617486338797814,0.36666666666666664,73,1495
631.5,479.0,792.6116640575004,0.24855581576893052,0.41349206349206347,2502,73
686.5,434.5,812.4484599037652,0.2617486338797814,0.36666666666666664,74,1496
631.5,479.5,792.9139297553045,0.24855581576893052,0.41349206349206347,2503,74
686.5,435.0,812.7159712962457,0.2617486338797814,0.36666666666666664,75,1497
631.0,475.0,789.8012408194862,0.24839968774395005,0.4126984126984127,2540,75
686.5,435.5,812.983702173666,0.2617486338797814,0.36666666666666664,76,1498
630.0,469.5,785.703665512641,0.24839968774395005,0.4126984126984127,2541,76
686.5,436.0,813.251652319256,0.2617486338797814,0.36666666666666664,77,1499
630.5,472.0,787.6003110715485,0.24839968774395005,0.4126984126984127,2542,77
686.5,436.5,813.5198215163537,0.2617486338797814,0.36666666666666664,78,1500
630.5,472.5,787.9000571138448,0.24839968774395005,0.4126984126984127,2543,78
686.5,437.0,813.7882095484058,0.2617486338797814,0.36666666666666664,79,1501
631.0,475.5,790.10205037071,0.24839968774395005,0.4126984126984127,2544,79
687.0,433.5,812.3369067080481,0.2617486338797814,0.36666666666666664,80,1502
631.5,478.0,792.0077335481012,0.24839968774395005,0.4126984126984127,2545,80
687.0,434.5,812.8709922244734,0.2617486338797814,0.36666666666666664,81,1503
631.5,478.5,792.3095985787375,0.24839968774395005,0.4126984126984127,2546,81
687.0,435.5,813.4059564571678,0.2617486338797814,0.36666666666666664,82,1504
630.0,469.0,785.4049910714854,0.24824355971896955,0.4119047619047619,2557,82
687.0,436.5,813.9417976735192,0.2617486338797814,0.36666666666666664,83,1505
630.5,471.5,787.3007684487549,0.24824355971896955,0.4119047619047619,2558,83
687.0,437.5,814.4785141426383,0.2617486338797814,0.36666666666666664,84,1506
631.0,474.5,789.500633311969,0.24824355971896955,0.4119047619047619,2559,84
687.0,438.5,815.0161041353723,0.2617486338797814,0.36666666666666664,85,1507
631.5,477.5,791.7060691948749,0.24824355971896955,0.4119047619047619,2560,85
687.0,439.5,815.5545659243163,0.2617486338797814,0.36666666666666664,86,1508
630.0,468.0,784.808256837299,0.24808743169398906,0.4111111111111111,2569,86
687.0,440.5,816.0938977838273,0.2617486338797814,0.36666666666666664,87,1509
632.0,480.0,793.6145159962739,0.24808743169398906,0.4111111111111111,2570,87
687.0,441.5,816.6340979900361,0.2617486338797814,0.36666666666666664,88,1510
631.0,474.0,789.2002280790344,0.24808743169398906,0.4111111111111111,2571,88
687.0,442.5,817.1751648208602,0.2617486338797814,0.36666666666666664,89,1511
630.5,470.5,786.7022943909595,0.24808743169398906,0.4111111111111111,2572,89
687.5,436.0,814.0959710009625,0.2617486338797814,0.36666666666666664,90,1512
630.5,471.0,787.0014294777361,0.24808743169398906,0.4111111111111111,2573,90
687.5,436.5,814.3638621648188,0.2617486338797814,0.36666666666666664,91,1513
631.0,473.5,788.9000253517552,0.24808743169398906,0.4111111111111111,2574,91
687.5,437.0,814.6319721199261,0.2617486338797814,0.36666666666666664,92,1514
631.5,476.5,791.1033434387697,0.24808743169398906,0.4111111111111111,2575,92
687.5,437.5,814.9003006503311,0.2617486338797814,0.36666666666666664,93,1515
631.5,477.0,791.4046057485388,0.24808743169398906,0.4111111111111111,2576,93
687.5,438.0,815.1688475401891,0.2617486338797814,0.36666666666666664,94,1516
632.0,479.5,793.3122020995265,0.24808743169398906,0.4111111111111111,2577,94
687.5,438.5,815.437612573764,0.2617486338797814,0.36666666666666664,95,1517
630.0,467.0,784.2123436927017,0.2479313036690086,0.4103174603174603,2622,95
687.5,439.0,815.7065955354291,0.2617486338797814,0.36666666666666664,96,1518
631.0,473.0,788.6000253613995,0.2479313036690086,0.4103174603174603,2623,96
687.5,439.5,815.975796209667,0.2617486338797814,0.36666666666666664,97,1519
632.0,479.0,793.0100882082144,0.2479313036690086,0.4103174603174603,2624,97
687.5,440.0,816.2452143810707,0.2617486338797814,0.36666666666666664,98,1520
630.5,469.5,786.1046368009796,0.2479313036690086,0.4103174603174603,2625,98
687.5,440.5,816.5148498343432,0.2617486338797814,0.36666666666666664,99,1521
630.5,470.0,786.4033634210881,0.2479313036690086,0.4103174603174603,2626,99
687.5,441.0,816.7847023542985,0.2617486338797814,0.36666666666666664,100,1522
631.0,472.5,788.3002283394316,0.2479313036690086,0.4103174603174603,2627,100
